epoch,step,loss_total,loss_cir,loss_attr,elapsed_s
0,0,1.4161376953125,1.4161376953125,0.0,2.978135585784912
0,20,1.2774658203125,1.2774658203125,0.0,25.0942280292511
0,40,0.9923095703125,0.9923095703125,0.0,47.724090814590454
0,60,1.4031982421875,1.4031982421875,0.0,70.8303439617157
0,80,1.23492431640625,1.23492431640625,0.0,94.05770707130432
0,100,0.4189910888671875,0.4189910888671875,0.0,116.5472662448883
0,120,0.6643619537353516,0.6643619537353516,0.0,138.32329750061035
0,140,0.74761962890625,0.74761962890625,0.0,160.45898509025574
0,160,0.3968772888183594,0.3968772888183594,0.0,182.2894992828369
0,180,0.6093482971191406,0.6093482971191406,0.0,204.21499848365784
0,200,0.5875015258789062,0.5875015258789062,0.0,226.2776234149933
0,220,0.3968658447265625,0.3968658447265625,0.0,247.82893919944763
0,240,1.072021484375,1.072021484375,0.0,269.9013273715973
0,260,0.7737994194030762,0.7737994194030762,0.0,291.8602271080017
0,280,0.5950927734375,0.5950927734375,0.0,314.1157648563385
0,300,0.5485191345214844,0.5485191345214844,0.0,335.70498847961426
0,320,0.4920501708984375,0.4920501708984375,0.0,357.441410779953
0,340,0.20137405395507812,0.20137405395507812,0.0,378.9786698818207
0,360,0.34221553802490234,0.34221553802490234,0.0,400.7016088962555
0,380,0.339324951171875,0.339324951171875,0.0,422.4563219547272
0,400,0.5271682739257812,0.5271682739257812,0.0,444.05473589897156
0,420,0.2968711853027344,0.2968711853027344,0.0,465.64214277267456
0,440,0.3585968017578125,0.3585968017578125,0.0,487.1956570148468
0,460,0.3495960235595703,0.3495960235595703,0.0,508.7018346786499
0,480,0.7117996215820312,0.7117996215820312,0.0,530.1059470176697
0,500,0.21148204803466797,0.21148204803466797,0.0,551.5854308605194
0,520,0.3306121826171875,0.3306121826171875,0.0,573.124406337738
0,540,0.3772735595703125,0.3772735595703125,0.0,594.6801717281342
0,560,0.46462249755859375,0.46462249755859375,0.0,616.3761682510376
0,580,0.3677196502685547,0.3677196502685547,0.0,637.836009979248
0,600,1.08050537109375,1.08050537109375,0.0,659.3235833644867
0,620,0.3416748046875,0.3416748046875,0.0,680.914035320282
0,640,0.529266357421875,0.529266357421875,0.0,702.4622333049774
0,660,0.797210693359375,0.797210693359375,0.0,724.0685830116272
0,680,0.1904296875,0.1904296875,0.0,745.5762724876404
0,700,0.44803428649902344,0.44803428649902344,0.0,767.078192949295
0,720,0.8770523071289062,0.8770523071289062,0.0,788.5269110202789
0,740,0.87249755859375,0.87249755859375,0.0,810.1385500431061
0,760,0.662567138671875,0.662567138671875,0.0,831.6371273994446
0,780,1.099517822265625,1.099517822265625,0.0,853.1439938545227
0,800,0.73931884765625,0.73931884765625,0.0,874.6632468700409
0,820,0.2333526611328125,0.2333526611328125,0.0,896.1698260307312
0,840,0.2647705078125,0.2647705078125,0.0,917.6538650989532
0,860,0.3000602722167969,0.3000602722167969,0.0,939.1595575809479
0,880,0.6726150512695312,0.6726150512695312,0.0,960.749915599823
0,900,0.781036376953125,0.781036376953125,0.0,982.3184525966644
0,920,0.27112579345703125,0.27112579345703125,0.0,1004.1371455192566
0,940,0.32965850830078125,0.32965850830078125,0.0,1025.6578900814056
0,960,0.40616607666015625,0.40616607666015625,0.0,1047.5678281784058
0,980,0.74725341796875,0.74725341796875,0.0,1069.046170949936
0,1000,0.36341094970703125,0.36341094970703125,0.0,1090.706533908844
0,1020,0.19544219970703125,0.19544219970703125,0.0,1112.1489970684052
0,1040,0.4034576416015625,0.4034576416015625,0.0,1133.649885892868
0,1060,0.17967987060546875,0.17967987060546875,0.0,1155.2050914764404
0,1080,0.3685455322265625,0.3685455322265625,0.0,1176.6645057201385
0,1100,0.7554931640625,0.7554931640625,0.0,1198.130840063095
0,1120,0.3194694519042969,0.3194694519042969,0.0,1220.0149710178375
0,1140,0.24277877807617188,0.24277877807617188,0.0,1242.6045484542847
0,1160,0.2707347869873047,0.2707347869873047,0.0,1265.0344514846802
0,1180,0.29462432861328125,0.29462432861328125,0.0,1287.3654110431671
0,1200,0.4999542236328125,0.4999542236328125,0.0,1309.51957321167
0,1220,0.5395545959472656,0.5395545959472656,0.0,1331.3848495483398
0,1240,0.2685279846191406,0.2685279846191406,0.0,1353.013754606247
0,1260,0.5086688995361328,0.5086688995361328,0.0,1375.713751077652
0,1280,0.3183784484863281,0.3183784484863281,0.0,1397.2347621917725
0,1300,0.33652687072753906,0.33652687072753906,0.0,1418.772174358368
0,1320,0.3990592956542969,0.3990592956542969,0.0,1441.175273656845
0,1340,0.3244171142578125,0.3244171142578125,0.0,1473.9717650413513
0,1360,0.624176025390625,0.624176025390625,0.0,1499.2379894256592
0,1380,0.2688751220703125,0.2688751220703125,0.0,1520.9526991844177
0,1400,0.3718299865722656,0.3718299865722656,0.0,1542.747178554535
0,1420,0.1609196662902832,0.1609196662902832,0.0,1564.33234000206
0,1440,0.6571121215820312,0.6571121215820312,0.0,1586.2349622249603
0,1460,0.4950981140136719,0.4950981140136719,0.0,1608.5881304740906
0,1480,0.6767578125,0.6767578125,0.0,1631.42719912529
0,1500,0.3921356201171875,0.3921356201171875,0.0,1654.07249045372
0,1520,0.21358108520507812,0.21358108520507812,0.0,1675.8052003383636
0,1540,0.5241165161132812,0.5241165161132812,0.0,1697.8938386440277
0,1560,0.759185791015625,0.759185791015625,0.0,1722.9567635059357
0,1580,0.155120849609375,0.155120849609375,0.0,1744.6426527500153
0,1600,0.5520477294921875,0.5520477294921875,0.0,1766.2096736431122
0,1620,0.2802295684814453,0.2802295684814453,0.0,1788.0405945777893
0,1640,0.28322601318359375,0.28322601318359375,0.0,1812.4920189380646
0,1660,0.45214080810546875,0.45214080810546875,0.0,1834.230045080185
0,1680,0.3195228576660156,0.3195228576660156,0.0,1856.096851825714
0,1700,0.86627197265625,0.86627197265625,0.0,1877.799987077713
0,1720,1.0440406799316406,1.0440406799316406,0.0,1899.590369462967
0,1740,0.493743896484375,0.493743896484375,0.0,1921.1834831237793
0,1760,0.23411178588867188,0.23411178588867188,0.0,1942.7506606578827
0,1780,0.29608154296875,0.29608154296875,0.0,1965.6780807971954
0,1800,0.83709716796875,0.83709716796875,0.0,1987.5958590507507
0,1820,0.8408889770507812,0.8408889770507812,0.0,2009.2570490837097
0,1840,0.37070465087890625,0.37070465087890625,0.0,2030.7677998542786
0,1860,0.7000055313110352,0.7000055313110352,0.0,2052.196605682373
0,1880,0.345428466796875,0.345428466796875,0.0,2073.7998266220093
0,1900,0.2998971939086914,0.2998971939086914,0.0,2096.155037879944
0,1920,0.6502685546875,0.6502685546875,0.0,2117.696925878525
0,1940,0.625762939453125,0.625762939453125,0.0,2139.5603008270264
0,1960,0.16566133499145508,0.16566133499145508,0.0,2161.0618889331818
0,1980,0.763671875,0.763671875,0.0,2182.6621537208557
0,2000,0.38184165954589844,0.38184165954589844,0.0,2204.6525185108185
0,2020,0.3538856506347656,0.3538856506347656,0.0,2226.7516219615936
0,2040,0.5034637451171875,0.5034637451171875,0.0,2248.355453968048
0,2060,0.41493988037109375,0.41493988037109375,0.0,2269.863473176956
0,2080,0.23696517944335938,0.23696517944335938,0.0,2291.6480135917664
0,2100,0.31655120849609375,0.31655120849609375,0.0,2313.1560072898865
0,2120,0.4293708801269531,0.4293708801269531,0.0,2334.6445264816284
0,2140,0.55792236328125,0.55792236328125,0.0,2358.2040083408356
0,2160,0.2662839889526367,0.2662839889526367,0.0,2380.021024465561
0,2180,0.7748641967773438,0.7748641967773438,0.0,2402.072028160095
0,2200,0.4283275604248047,0.4283275604248047,0.0,2423.620456933975
0,2220,0.38387298583984375,0.38387298583984375,0.0,2445.156345129013
0,2240,0.3331718444824219,0.3331718444824219,0.0,2466.747533082962
0,2260,0.63055419921875,0.63055419921875,0.0,2488.283346891403
0,2280,0.22122955322265625,0.22122955322265625,0.0,2509.878746986389
0,2300,0.675201416015625,0.675201416015625,0.0,2531.4484465122223
0,2320,0.37387847900390625,0.37387847900390625,0.0,2552.9886009693146
0,2340,0.30399322509765625,0.30399322509765625,0.0,2574.513741493225
0,2360,0.16114425659179688,0.16114425659179688,0.0,2595.9545300006866
0,2380,0.3350067138671875,0.3350067138671875,0.0,2617.4814348220825
0,2400,0.2523517608642578,0.2523517608642578,0.0,2638.910557746887
0,2420,1.02362060546875,1.02362060546875,0.0,2660.335686445236
0,2440,0.359344482421875,0.359344482421875,0.0,2681.8362877368927
0,2460,0.28926849365234375,0.28926849365234375,0.0,2703.315022945404
0,2480,0.5110549926757812,0.5110549926757812,0.0,2724.9862983226776
0,2500,0.2467193603515625,0.2467193603515625,0.0,2746.395278453827
0,2520,0.37945556640625,0.37945556640625,0.0,2767.7687046527863
0,2540,0.2138519287109375,0.2138519287109375,0.0,2789.1762351989746
0,2560,0.31848907470703125,0.31848907470703125,0.0,2810.617904186249
0,2580,0.15688323974609375,0.15688323974609375,0.0,2831.9514083862305
0,2600,0.11486053466796875,0.11486053466796875,0.0,2853.3977313041687
0,2620,0.45503735542297363,0.45503735542297363,0.0,2874.876303911209
0,2640,0.30926513671875,0.30926513671875,0.0,2896.5100095272064
0,2660,0.6170234680175781,0.6170234680175781,0.0,2918.0322942733765
0,2680,0.40204811096191406,0.40204811096191406,0.0,2939.9092168807983
0,2700,0.5699806213378906,0.5699806213378906,0.0,2961.5967893600464
0,2720,0.816619873046875,0.816619873046875,0.0,2983.5271277427673
0,2740,0.3347930908203125,0.3347930908203125,0.0,3005.0945937633514
0,2760,0.3622932434082031,0.3622932434082031,0.0,3026.7179589271545
0,2780,0.29651594161987305,0.29651594161987305,0.0,3048.312662601471
0,2800,0.7106475830078125,0.7106475830078125,0.0,3069.9163796901703
0,2820,0.4995307922363281,0.4995307922363281,0.0,3091.469918012619
0,2840,0.4933929443359375,0.4933929443359375,0.0,3113.0900292396545
0,2860,0.5281753540039062,0.5281753540039062,0.0,3134.7231361865997
0,2880,0.12503623962402344,0.12503623962402344,0.0,3156.312651872635
0,2900,0.479644775390625,0.479644775390625,0.0,3177.898519515991
0,2920,0.3418741226196289,0.3418741226196289,0.0,3199.788697719574
0,2940,0.402740478515625,0.402740478515625,0.0,3221.7941892147064
0,2960,0.4775352478027344,0.4775352478027344,0.0,3244.14986371994
0,2980,0.4123687744140625,0.4123687744140625,0.0,3267.6509885787964
0,3000,0.11750030517578125,0.11750030517578125,0.0,3291.504154443741
0,3020,0.2970390319824219,0.2970390319824219,0.0,3314.6568846702576
0,3040,0.5872802734375,0.5872802734375,0.0,3337.920482635498
0,3060,0.6732807159423828,0.6732807159423828,0.0,3360.50226521492
0,3080,0.4162025451660156,0.4162025451660156,0.0,3381.9519028663635
0,3100,0.294891357421875,0.294891357421875,0.0,3403.4178125858307
0,3120,0.3503379821777344,0.3503379821777344,0.0,3424.8805599212646
0,3140,0.2145538330078125,0.2145538330078125,0.0,3446.3647496700287
0,3160,0.3423957824707031,0.3423957824707031,0.0,3467.8419620990753
0,3180,0.24561309814453125,0.24561309814453125,0.0,3489.5247645378113
0,3200,0.40167236328125,0.40167236328125,0.0,3511.1517441272736
0,3220,0.4426116943359375,0.4426116943359375,0.0,3532.9703199863434
0,3240,0.33026552200317383,0.33026552200317383,0.0,3554.676011800766
0,3260,0.17341232299804688,0.17341232299804688,0.0,3576.3507466316223
0,3280,0.4901924133300781,0.4901924133300781,0.0,3597.783611536026
0,3300,0.3911628723144531,0.3911628723144531,0.0,3619.518705368042
0,3320,0.7875690460205078,0.7875690460205078,0.0,3641.04212808609
0,3340,0.2523231506347656,0.2523231506347656,0.0,3662.5806090831757
0,3360,0.3089313507080078,0.3089313507080078,0.0,3684.222095012665
0,3380,0.12485408782958984,0.12485408782958984,0.0,3705.891086578369
0,3400,0.4517936706542969,0.4517936706542969,0.0,3727.544975757599
0,3420,0.7887344360351562,0.7887344360351562,0.0,3749.045825958252
0,3440,0.592686653137207,0.592686653137207,0.0,3770.533365726471
0,3460,0.39923095703125,0.39923095703125,0.0,3792.034595012665
0,3480,0.61376953125,0.61376953125,0.0,3813.4957633018494
0,3500,0.319091796875,0.319091796875,0.0,3834.897849559784
0,3520,0.17310333251953125,0.17310333251953125,0.0,3856.3310849666595
0,3540,0.1587047576904297,0.1587047576904297,0.0,3877.789582014084
0,3560,0.25336265563964844,0.25336265563964844,0.0,3899.2401328086853
0,3580,0.19763565063476562,0.19763565063476562,0.0,3920.751829147339
0,3600,0.6389007568359375,0.6389007568359375,0.0,3942.224534511566
0,3620,0.08431816101074219,0.08431816101074219,0.0,3963.7127602100372
0,3640,0.09606361389160156,0.09606361389160156,0.0,3985.2117643356323
0,3660,0.19315338134765625,0.19315338134765625,0.0,4006.6583259105682
0,3680,0.3098278045654297,0.3098278045654297,0.0,4028.1216537952423
0,3700,0.21517562866210938,0.21517562866210938,0.0,4050.0044689178467
0,3720,0.5787391662597656,0.5787391662597656,0.0,4071.4919650554657
0,3740,0.31439971923828125,0.31439971923828125,0.0,4092.911329269409
0,3760,0.308868408203125,0.308868408203125,0.0,4114.4569392204285
0,3780,0.356414794921875,0.356414794921875,0.0,4135.9351398944855
0,3800,0.2719268798828125,0.2719268798828125,0.0,4157.449187040329
0,3820,0.5040969848632812,0.5040969848632812,0.0,4178.978504419327
0,3840,0.7712020874023438,0.7712020874023438,0.0,4200.432060003281
0,3860,0.42173004150390625,0.42173004150390625,0.0,4221.936140537262
0,3880,0.44429588317871094,0.44429588317871094,0.0,4243.412769079208
0,3900,0.85528564453125,0.85528564453125,0.0,4264.8706595897675
0,3920,0.30599212646484375,0.30599212646484375,0.0,4286.394844293594
0,3940,0.28099536895751953,0.28099536895751953,0.0,4307.903063297272
0,3960,0.3414764404296875,0.3414764404296875,0.0,4329.3285257816315
0,3980,0.1455230712890625,0.1455230712890625,0.0,4350.74548125267
0,4000,0.49248790740966797,0.49248790740966797,0.0,4372.162050962448
0,4020,0.1702423095703125,0.1702423095703125,0.0,4393.596730232239
0,4040,0.3464546203613281,0.3464546203613281,0.0,4414.946679115295
0,4060,0.03994560241699219,0.03994560241699219,0.0,4436.403758764267
0,4080,0.278289794921875,0.278289794921875,0.0,4457.790471315384
0,4100,0.2413787841796875,0.2413787841796875,0.0,4479.182281494141
0,4120,0.10407257080078125,0.10407257080078125,0.0,4500.658029556274
0,4140,0.28227996826171875,0.28227996826171875,0.0,4522.0854613780975
0,4160,0.08544540405273438,0.08544540405273438,0.0,4543.483945846558
0,4180,0.7976284027099609,0.7976284027099609,0.0,4564.876142978668
0,4200,0.20151138305664062,0.20151138305664062,0.0,4586.306142091751
1,0,0.2565126419067383,0.2565126419067383,0.0,4601.598685026169
1,20,0.33525848388671875,0.33525848388671875,0.0,4623.161193370819
1,40,0.342315673828125,0.342315673828125,0.0,4644.708795785904
1,60,0.10108375549316406,0.10108375549316406,0.0,4666.267651796341
1,80,0.3530693054199219,0.3530693054199219,0.0,4687.799282073975
1,100,0.45018768310546875,0.45018768310546875,0.0,4709.243562936783
1,120,0.6931190490722656,0.6931190490722656,0.0,4730.750908613205
1,140,0.463226318359375,0.463226318359375,0.0,4752.262473344803
1,160,0.22295379638671875,0.22295379638671875,0.0,4773.7856521606445
1,180,0.33236122131347656,0.33236122131347656,0.0,4795.376302242279
1,200,0.4288177490234375,0.4288177490234375,0.0,4816.958515405655
1,220,0.12317657470703125,0.12317657470703125,0.0,4838.425662755966
1,240,0.40912628173828125,0.40912628173828125,0.0,4859.9201827049255
1,260,0.14229965209960938,0.14229965209960938,0.0,4881.467428922653
1,280,0.1303691864013672,0.1303691864013672,0.0,4902.89032626152
1,300,0.4130096435546875,0.4130096435546875,0.0,4924.346941947937
1,320,0.15844488143920898,0.15844488143920898,0.0,4945.797377586365
1,340,0.244171142578125,0.244171142578125,0.0,4967.249591112137
1,360,0.628326416015625,0.628326416015625,0.0,4988.736021280289
1,380,0.16257476806640625,0.16257476806640625,0.0,5010.240662813187
1,400,0.8526248931884766,0.8526248931884766,0.0,5031.638651132584
1,420,0.17271041870117188,0.17271041870117188,0.0,5053.052727222443
1,440,0.692657470703125,0.692657470703125,0.0,5074.475541353226
1,460,0.2674884796142578,0.2674884796142578,0.0,5095.974236965179
1,480,0.11532402038574219,0.11532402038574219,0.0,5117.332962274551
1,500,0.43890380859375,0.43890380859375,0.0,5138.900737285614
1,520,0.8036508560180664,0.8036508560180664,0.0,5160.300525188446
1,540,0.20473289489746094,0.20473289489746094,0.0,5181.980879306793
1,560,0.23057174682617188,0.23057174682617188,0.0,5203.400698423386
1,580,0.27158355712890625,0.27158355712890625,0.0,5224.798451662064
1,600,0.40482330322265625,0.40482330322265625,0.0,5246.34659409523
1,620,0.1524181365966797,0.1524181365966797,0.0,5267.785732507706
1,640,0.20845890045166016,0.20845890045166016,0.0,5289.327263355255
1,660,0.1226806640625,0.1226806640625,0.0,5311.144032239914
1,680,0.5379180908203125,0.5379180908203125,0.0,5333.081019639969
1,700,0.1620330810546875,0.1620330810546875,0.0,5355.235236406326
1,720,0.18502044677734375,0.18502044677734375,0.0,5377.355832099915
1,740,0.3161048889160156,0.3161048889160156,0.0,5398.783783197403
1,760,0.297882080078125,0.297882080078125,0.0,5420.2413675785065
1,780,0.425872802734375,0.425872802734375,0.0,5442.344391584396
1,800,0.5693130493164062,0.5693130493164062,0.0,5464.056426048279
1,820,0.586151123046875,0.586151123046875,0.0,5485.691642522812
1,840,0.227752685546875,0.227752685546875,0.0,5507.268936634064
1,860,0.14414215087890625,0.14414215087890625,0.0,5528.989769697189
1,880,0.3733854293823242,0.3733854293823242,0.0,5550.829938173294
1,900,0.3749885559082031,0.3749885559082031,0.0,5572.632691860199
1,920,0.1297597885131836,0.1297597885131836,0.0,5594.516180038452
1,940,0.7050933837890625,0.7050933837890625,0.0,5616.263621330261
1,960,0.3372039794921875,0.3372039794921875,0.0,5638.062484025955
1,980,0.1791839599609375,0.1791839599609375,0.0,5660.013112545013
1,1000,0.31574344635009766,0.31574344635009766,0.0,5681.69810628891
1,1020,0.30102062225341797,0.30102062225341797,0.0,5703.438186645508
1,1040,0.13308238983154297,0.13308238983154297,0.0,5725.009564161301
1,1060,0.16248321533203125,0.16248321533203125,0.0,5746.590753078461
1,1080,0.1932220458984375,0.1932220458984375,0.0,5768.243177652359
1,1100,0.3162841796875,0.3162841796875,0.0,5789.907093763351
1,1120,0.3802947998046875,0.3802947998046875,0.0,5811.5353989601135
1,1140,0.21854400634765625,0.21854400634765625,0.0,5833.200685739517
1,1160,0.5208740234375,0.5208740234375,0.0,5854.800901651382
1,1180,0.5667800903320312,0.5667800903320312,0.0,5876.40362071991
1,1200,0.42596435546875,0.42596435546875,0.0,5898.775511026382
1,1220,0.2387847900390625,0.2387847900390625,0.0,5921.5832805633545
1,1240,0.4477577209472656,0.4477577209472656,0.0,5943.479327440262
1,1260,0.17139911651611328,0.17139911651611328,0.0,5965.083834409714
1,1280,0.269439697265625,0.269439697265625,0.0,5986.8102152347565
1,1300,0.3037872314453125,0.3037872314453125,0.0,6008.511011838913
1,1320,0.1109161376953125,0.1109161376953125,0.0,6030.264196157455
1,1340,0.12407112121582031,0.12407112121582031,0.0,6051.825296163559
1,1360,0.6745758056640625,0.6745758056640625,0.0,6073.443056344986
1,1380,0.41558837890625,0.41558837890625,0.0,6095.091961860657
1,1400,0.08061790466308594,0.08061790466308594,0.0,6116.747944355011
1,1420,0.340484619140625,0.340484619140625,0.0,6138.4086010456085
1,1440,0.0671234130859375,0.0671234130859375,0.0,6159.981638669968
1,1460,0.5659942626953125,0.5659942626953125,0.0,6181.5270454883575
1,1480,0.4879608154296875,0.4879608154296875,0.0,6203.0775411129
1,1500,0.22667694091796875,0.22667694091796875,0.0,6224.766406536102
1,1520,0.05966377258300781,0.05966377258300781,0.0,6246.467396974564
1,1540,0.13852691650390625,0.13852691650390625,0.0,6268.118085861206
1,1560,0.1339282989501953,0.1339282989501953,0.0,6289.800285816193
1,1580,0.707427978515625,0.707427978515625,0.0,6311.556422710419
1,1600,0.2487030029296875,0.2487030029296875,0.0,6333.183128833771
1,1620,0.2928466796875,0.2928466796875,0.0,6354.848004817963
1,1640,0.2233715057373047,0.2233715057373047,0.0,6376.527058362961
1,1660,0.10796737670898438,0.10796737670898438,0.0,6398.2124745845795
1,1680,0.12339019775390625,0.12339019775390625,0.0,6419.786244153976
1,1700,0.3936309814453125,0.3936309814453125,0.0,6441.373274803162
1,1720,0.2547492980957031,0.2547492980957031,0.0,6463.038873672485
1,1740,0.46279335021972656,0.46279335021972656,0.0,6484.737095594406
1,1760,0.24402427673339844,0.24402427673339844,0.0,6506.369414806366
1,1780,0.13063812255859375,0.13063812255859375,0.0,6528.136326789856
1,1800,0.27623939514160156,0.27623939514160156,0.0,6549.803518772125
1,1820,0.1807384490966797,0.1807384490966797,0.0,6571.287467956543
1,1840,0.17181396484375,0.17181396484375,0.0,6592.816561937332
1,1860,0.12462997436523438,0.12462997436523438,0.0,6614.590090274811
1,1880,0.4209632873535156,0.4209632873535156,0.0,6636.055668354034
1,1900,0.5494842529296875,0.5494842529296875,0.0,6657.487283229828
1,1920,0.2684307098388672,0.2684307098388672,0.0,6679.056213617325
1,1940,0.5301971435546875,0.5301971435546875,0.0,6700.656403303146
1,1960,0.3464469909667969,0.3464469909667969,0.0,6722.310352087021
1,1980,0.20293426513671875,0.20293426513671875,0.0,6743.871666908264
1,2000,0.27640724182128906,0.27640724182128906,0.0,6765.406934976578
1,2020,0.5769729614257812,0.5769729614257812,0.0,6786.903779268265
1,2040,0.06817436218261719,0.06817436218261719,0.0,6808.490191221237
1,2060,0.3304862976074219,0.3304862976074219,0.0,6829.959480524063
1,2080,0.3577709197998047,0.3577709197998047,0.0,6851.423791646957
1,2100,0.1223602294921875,0.1223602294921875,0.0,6872.924912691116
1,2120,0.3160514831542969,0.3160514831542969,0.0,6894.401349067688
1,2140,0.21787261962890625,0.21787261962890625,0.0,6915.883934736252
1,2160,0.13745975494384766,0.13745975494384766,0.0,6937.446248292923
1,2180,0.12525177001953125,0.12525177001953125,0.0,6958.875128746033
1,2200,0.4342231750488281,0.4342231750488281,0.0,6980.549798965454
1,2220,0.20544815063476562,0.20544815063476562,0.0,7002.03356218338
1,2240,0.3529205322265625,0.3529205322265625,0.0,7023.582922697067
1,2260,0.2701568603515625,0.2701568603515625,0.0,7045.076157331467
1,2280,0.14586639404296875,0.14586639404296875,0.0,7066.513561010361
1,2300,0.18638992309570312,0.18638992309570312,0.0,7088.043285608292
1,2320,0.16579627990722656,0.16579627990722656,0.0,7109.533758401871
1,2340,0.1372990608215332,0.1372990608215332,0.0,7131.081577777863
1,2360,0.96783447265625,0.96783447265625,0.0,7152.611039400101
1,2380,0.22891998291015625,0.22891998291015625,0.0,7174.092282295227
1,2400,0.15093135833740234,0.15093135833740234,0.0,7195.633446216583
1,2420,0.160308837890625,0.160308837890625,0.0,7217.110620975494
1,2440,0.11318588256835938,0.11318588256835938,0.0,7238.604873895645
1,2460,0.1488494873046875,0.1488494873046875,0.0,7260.125200033188
1,2480,0.3722677230834961,0.3722677230834961,0.0,7281.533180952072
1,2500,0.520599365234375,0.520599365234375,0.0,7302.9382853508
1,2520,0.13243865966796875,0.13243865966796875,0.0,7324.363949537277
1,2540,0.5479812622070312,0.5479812622070312,0.0,7345.823038339615
1,2560,0.7383232116699219,0.7383232116699219,0.0,7367.300250053406
1,2580,0.4464111328125,0.4464111328125,0.0,7388.808071136475
1,2600,0.25429534912109375,0.25429534912109375,0.0,7410.310259103775
1,2620,0.5248870849609375,0.5248870849609375,0.0,7431.786172628403
1,2640,0.9268093109130859,0.9268093109130859,0.0,7453.201252937317
1,2660,0.30562376976013184,0.30562376976013184,0.0,7474.632925748825
1,2680,0.2330169677734375,0.2330169677734375,0.0,7496.105155467987
1,2700,0.22333049774169922,0.22333049774169922,0.0,7517.503162622452
1,2720,0.0995798110961914,0.0995798110961914,0.0,7539.068545818329
1,2740,0.18765640258789062,0.18765640258789062,0.0,7560.581325054169
1,2760,0.22600555419921875,0.22600555419921875,0.0,7582.039412498474
1,2780,0.2814598083496094,0.2814598083496094,0.0,7603.5701212883
1,2800,0.3630027770996094,0.3630027770996094,0.0,7625.0184071063995
1,2820,0.1739673614501953,0.1739673614501953,0.0,7646.46039390564
1,2840,0.5692768096923828,0.5692768096923828,0.0,7667.9219789505005
1,2860,0.211517333984375,0.211517333984375,0.0,7689.410430431366
1,2880,0.23137664794921875,0.23137664794921875,0.0,7710.885129451752
1,2900,0.30435943603515625,0.30435943603515625,0.0,7732.401513576508
1,2920,0.483062744140625,0.483062744140625,0.0,7753.901162147522
1,2940,0.6358184814453125,0.6358184814453125,0.0,7775.425126791
1,2960,0.2982330322265625,0.2982330322265625,0.0,7796.869409561157
1,2980,0.37396812438964844,0.37396812438964844,0.0,7818.293579339981
1,3000,0.4171867370605469,0.4171867370605469,0.0,7839.759177446365
1,3020,0.039566993713378906,0.039566993713378906,0.0,7861.199695587158
1,3040,0.3035163879394531,0.3035163879394531,0.0,7882.694200515747
1,3060,0.4523954391479492,0.4523954391479492,0.0,7904.197799682617
1,3080,0.33412837982177734,0.33412837982177734,0.0,7925.6860156059265
1,3100,0.37781524658203125,0.37781524658203125,0.0,7947.168655872345
1,3120,0.21875,0.21875,0.0,7968.753675460815
1,3140,0.12926959991455078,0.12926959991455078,0.0,7990.526035308838
1,3160,0.211639404296875,0.211639404296875,0.0,8012.210005044937
1,3180,0.47033214569091797,0.47033214569091797,0.0,8033.910354614258
1,3200,0.1371307373046875,0.1371307373046875,0.0,8055.448962688446
1,3220,0.418060302734375,0.418060302734375,0.0,8076.992521286011
1,3240,0.2866077423095703,0.2866077423095703,0.0,8098.558749914169
1,3260,0.11836624145507812,0.11836624145507812,0.0,8120.049382209778
1,3280,0.4122581481933594,0.4122581481933594,0.0,8141.568626403809
1,3300,0.15777206420898438,0.15777206420898438,0.0,8162.985764026642
1,3320,0.39117431640625,0.39117431640625,0.0,8184.4295971393585
1,3340,0.2821464538574219,0.2821464538574219,0.0,8205.879447698593
1,3360,0.3182039260864258,0.3182039260864258,0.0,8227.404281139374
1,3380,0.4198036193847656,0.4198036193847656,0.0,8248.911492347717
1,3400,0.23957061767578125,0.23957061767578125,0.0,8270.328145742416
1,3420,0.3424873352050781,0.3424873352050781,0.0,8291.816635131836
1,3440,0.3391609191894531,0.3391609191894531,0.0,8313.269637346268
1,3460,0.2290191650390625,0.2290191650390625,0.0,8334.833760738373
1,3480,0.60736083984375,0.60736083984375,0.0,8356.36281299591
1,3500,0.211273193359375,0.211273193359375,0.0,8377.97880101204
1,3520,0.21765899658203125,0.21765899658203125,0.0,8399.54791879654
1,3540,0.6072463989257812,0.6072463989257812,0.0,8421.032258033752
1,3560,0.15059661865234375,0.15059661865234375,0.0,8442.535691022873
1,3580,0.2706756591796875,0.2706756591796875,0.0,8463.971987485886
1,3600,0.4394378662109375,0.4394378662109375,0.0,8485.462929010391
1,3620,0.419677734375,0.419677734375,0.0,8506.910622358322
1,3640,0.4300422668457031,0.4300422668457031,0.0,8528.43475317955
1,3660,0.0843048095703125,0.0843048095703125,0.0,8549.886372804642
1,3680,0.20195388793945312,0.20195388793945312,0.0,8571.375646352768
1,3700,0.33389949798583984,0.33389949798583984,0.0,8592.88743185997
1,3720,0.24612045288085938,0.24612045288085938,0.0,8614.37485575676
1,3740,0.16597747802734375,0.16597747802734375,0.0,8635.837006092072
1,3760,0.10926628112792969,0.10926628112792969,0.0,8657.320616960526
1,3780,0.24267578125,0.24267578125,0.0,8678.773547887802
1,3800,0.19936752319335938,0.19936752319335938,0.0,8700.31279706955
1,3820,0.04080963134765625,0.04080963134765625,0.0,8721.753566503525
1,3840,0.2742424011230469,0.2742424011230469,0.0,8743.389066696167
1,3860,0.3781280517578125,0.3781280517578125,0.0,8765.01600432396
1,3880,0.27465057373046875,0.27465057373046875,0.0,8786.482585906982
1,3900,0.09943389892578125,0.09943389892578125,0.0,8807.98559975624
1,3920,0.2361431121826172,0.2361431121826172,0.0,8829.480223417282
1,3940,0.32700347900390625,0.32700347900390625,0.0,8850.911063432693
1,3960,0.18696212768554688,0.18696212768554688,0.0,8872.339915037155
1,3980,0.57562255859375,0.57562255859375,0.0,8894.027884483337
1,4000,0.3798255920410156,0.3798255920410156,0.0,8915.505754232407
1,4020,0.2689228057861328,0.2689228057861328,0.0,8937.068725824356
1,4040,0.3831596374511719,0.3831596374511719,0.0,8958.515040874481
1,4060,0.5707941055297852,0.5707941055297852,0.0,8979.981318712234
1,4080,0.21973228454589844,0.21973228454589844,0.0,9001.460635185242
1,4100,0.6768951416015625,0.6768951416015625,0.0,9022.887833118439
1,4120,0.2913036346435547,0.2913036346435547,0.0,9044.312425851822
1,4140,0.4741973876953125,0.4741973876953125,0.0,9065.796466827393
1,4160,0.3569602966308594,0.3569602966308594,0.0,9087.19576048851
1,4180,0.4636993408203125,0.4636993408203125,0.0,9108.64775466919
1,4200,0.163604736328125,0.163604736328125,0.0,9130.103058099747
2,0,0.14237403869628906,0.14237403869628906,0.0,9145.281698465347
2,20,0.09848403930664062,0.09848403930664062,0.0,9166.861402988434
2,40,0.08227157592773438,0.08227157592773438,0.0,9188.3667178154
2,60,0.3067283630371094,0.3067283630371094,0.0,9209.952333927155
2,80,0.3099021911621094,0.3099021911621094,0.0,9231.407834291458
2,100,0.22235679626464844,0.22235679626464844,0.0,9252.871512651443
2,120,0.3735222816467285,0.3735222816467285,0.0,9274.410852193832
2,140,0.23504638671875,0.23504638671875,0.0,9295.88352560997
2,160,0.20671844482421875,0.20671844482421875,0.0,9317.36245393753
2,180,0.18280982971191406,0.18280982971191406,0.0,9338.8208258152
2,200,0.11952018737792969,0.11952018737792969,0.0,9360.236857414246
2,220,0.2063140869140625,0.2063140869140625,0.0,9381.72565627098
2,240,0.22069740295410156,0.22069740295410156,0.0,9403.1743350029
2,260,0.6080474853515625,0.6080474853515625,0.0,9424.59923696518
2,280,0.51171875,0.51171875,0.0,9446.05534696579
2,300,0.36472320556640625,0.36472320556640625,0.0,9467.46081995964
2,320,0.2599601745605469,0.2599601745605469,0.0,9488.929993391037
2,340,0.546234130859375,0.546234130859375,0.0,9510.4001288414
2,360,0.149322509765625,0.149322509765625,0.0,9531.81255364418
2,380,0.19415283203125,0.19415283203125,0.0,9553.286969184875
2,400,0.12412643432617188,0.12412643432617188,0.0,9574.738903522491
2,420,0.2435760498046875,0.2435760498046875,0.0,9596.182198524475
2,440,0.23432540893554688,0.23432540893554688,0.0,9617.71492099762
2,460,0.11646080017089844,0.11646080017089844,0.0,9639.365057945251
2,480,0.4434318542480469,0.4434318542480469,0.0,9660.800352811813
2,500,0.3720245361328125,0.3720245361328125,0.0,9682.254127025604
2,520,0.3035392761230469,0.3035392761230469,0.0,9703.744046449661
2,540,0.18944549560546875,0.18944549560546875,0.0,9725.287938117981
2,560,0.15047836303710938,0.15047836303710938,0.0,9746.705833673477
2,580,0.05078601837158203,0.05078601837158203,0.0,9768.139986038208
2,600,0.2406444549560547,0.2406444549560547,0.0,9789.609491109848
2,620,0.2943382263183594,0.2943382263183594,0.0,9811.066621541977
2,640,0.1336650848388672,0.1336650848388672,0.0,9832.582205295563
2,660,0.0650949478149414,0.0650949478149414,0.0,9854.006078004837
2,680,0.1074066162109375,0.1074066162109375,0.0,9875.551166057587
2,700,0.08654022216796875,0.08654022216796875,0.0,9897.018524169922
2,720,0.15077972412109375,0.15077972412109375,0.0,9918.481509447098
2,740,0.2010059356689453,0.2010059356689453,0.0,9939.981213331223
2,760,0.10845375061035156,0.10845375061035156,0.0,9961.41994547844
2,780,0.19717025756835938,0.19717025756835938,0.0,9982.804690122604
2,800,0.3132781982421875,0.3132781982421875,0.0,10004.212460517883
2,820,0.06276607513427734,0.06276607513427734,0.0,10025.662525177002
2,840,0.8173351287841797,0.8173351287841797,0.0,10047.177414178848
2,860,0.04314231872558594,0.04314231872558594,0.0,10068.682077884674
2,880,0.14073753356933594,0.14073753356933594,0.0,10090.193169593811
2,900,0.1559772491455078,0.1559772491455078,0.0,10111.62372136116
2,920,0.12232065200805664,0.12232065200805664,0.0,10133.08503293991
2,940,0.2403564453125,0.2403564453125,0.0,10154.553228139877
2,960,0.35384368896484375,0.35384368896484375,0.0,10176.07373547554
2,980,0.235321044921875,0.235321044921875,0.0,10197.489222764969
2,1000,0.22658681869506836,0.22658681869506836,0.0,10218.969529390335
2,1020,0.451171875,0.451171875,0.0,10240.400754451752
2,1040,0.0774993896484375,0.0774993896484375,0.0,10261.86646604538
2,1060,0.1505289077758789,0.1505289077758789,0.0,10283.28132033348
2,1080,0.15656280517578125,0.15656280517578125,0.0,10304.770547866821
2,1100,0.49341583251953125,0.49341583251953125,0.0,10326.199307203293
2,1120,0.2274646759033203,0.2274646759033203,0.0,10347.589245796204
2,1140,0.3618316650390625,0.3618316650390625,0.0,10369.04494023323
2,1160,0.20796585083007812,0.20796585083007812,0.0,10390.53642320633
2,1180,0.18786239624023438,0.18786239624023438,0.0,10412.022222042084
2,1200,0.1621561050415039,0.1621561050415039,0.0,10433.496903419495
2,1220,0.09850406646728516,0.09850406646728516,0.0,10454.962151050568
2,1240,0.4334716796875,0.4334716796875,0.0,10476.386256456375
2,1260,0.6753387451171875,0.6753387451171875,0.0,10497.775399684906
2,1280,0.42583560943603516,0.42583560943603516,0.0,10519.251244544983
2,1300,0.21172714233398438,0.21172714233398438,0.0,10540.656935930252
2,1320,0.435150146484375,0.435150146484375,0.0,10562.125666618347
2,1340,0.3958854675292969,0.3958854675292969,0.0,10583.63080906868
2,1360,0.2497406005859375,0.2497406005859375,0.0,10605.150438547134
2,1380,0.2472686767578125,0.2472686767578125,0.0,10626.655388355255
2,1400,0.05756664276123047,0.05756664276123047,0.0,10648.10612154007
2,1420,0.17441606521606445,0.17441606521606445,0.0,10669.528872013092
2,1440,0.2587928771972656,0.2587928771972656,0.0,10691.013889789581
2,1460,0.11464691162109375,0.11464691162109375,0.0,10712.481897354126
2,1480,0.4306755065917969,0.4306755065917969,0.0,10733.9818816185
2,1500,0.21957015991210938,0.21957015991210938,0.0,10755.36671090126
2,1520,0.20674800872802734,0.20674800872802734,0.0,10776.809516429901
2,1540,0.2276611328125,0.2276611328125,0.0,10798.23485326767
2,1560,0.31258392333984375,0.31258392333984375,0.0,10819.617076396942
2,1580,0.29151344299316406,0.29151344299316406,0.0,10841.147506952286
2,1600,0.502251148223877,0.502251148223877,0.0,10863.088876962662
2,1620,0.4337921142578125,0.4337921142578125,0.0,10884.815930366516
2,1640,0.12814712524414062,0.12814712524414062,0.0,10906.352498292923
2,1660,0.1641712188720703,0.1641712188720703,0.0,10927.87554883957
2,1680,0.189544677734375,0.189544677734375,0.0,10949.380779504776
2,1700,0.1475505828857422,0.1475505828857422,0.0,10970.848038196564
2,1720,0.2154998779296875,0.2154998779296875,0.0,10992.325013399124
2,1740,0.26940345764160156,0.26940345764160156,0.0,11013.77409529686
2,1760,0.4364051818847656,0.4364051818847656,0.0,11035.25779390335
2,1780,0.3229656219482422,0.3229656219482422,0.0,11056.678593158722
2,1800,0.09146881103515625,0.09146881103515625,0.0,11078.134453058243
2,1820,0.10616588592529297,0.10616588592529297,0.0,11099.565822839737
2,1840,0.3659820556640625,0.3659820556640625,0.0,11121.019674062729
2,1860,0.09918403625488281,0.09918403625488281,0.0,11142.498977899551
2,1880,0.23486328125,0.23486328125,0.0,11163.92950963974
2,1900,0.13040971755981445,0.13040971755981445,0.0,11185.389838695526
2,1920,0.2414102554321289,0.2414102554321289,0.0,11206.88904953003
2,1940,0.04364585876464844,0.04364585876464844,0.0,11228.367427825928
2,1960,0.6715240478515625,0.6715240478515625,0.0,11249.8446662426
2,1980,0.35807132720947266,0.35807132720947266,0.0,11271.317872524261
2,2000,0.4898529052734375,0.4898529052734375,0.0,11292.822945594788
2,2020,0.5013580322265625,0.5013580322265625,0.0,11314.258672952652
2,2040,0.49103546142578125,0.49103546142578125,0.0,11335.725758075714
2,2060,0.3582496643066406,0.3582496643066406,0.0,11357.17874121666
2,2080,0.29705810546875,0.29705810546875,0.0,11378.612001895905
2,2100,0.25882720947265625,0.25882720947265625,0.0,11400.205518245697
2,2120,0.4093780517578125,0.4093780517578125,0.0,11421.784850597382
2,2140,0.276214599609375,0.276214599609375,0.0,11443.422749042511
2,2160,0.09040451049804688,0.09040451049804688,0.0,11465.03069472313
2,2180,0.11215782165527344,0.11215782165527344,0.0,11486.66910481453
2,2200,0.44673728942871094,0.44673728942871094,0.0,11508.157212734222
2,2220,0.44431591033935547,0.44431591033935547,0.0,11529.588930368423
2,2240,0.20461273193359375,0.20461273193359375,0.0,11551.023909330368
2,2260,0.5150680541992188,0.5150680541992188,0.0,11572.508839130402
2,2280,0.49813079833984375,0.49813079833984375,0.0,11594.057603597641
2,2300,0.423492431640625,0.423492431640625,0.0,11615.977140426636
2,2320,0.11306190490722656,0.11306190490722656,0.0,11637.686210632324
2,2340,0.2599296569824219,0.2599296569824219,0.0,11659.215530633926
2,2360,0.5970306396484375,0.5970306396484375,0.0,11680.678563117981
2,2380,0.210235595703125,0.210235595703125,0.0,11702.188257694244
2,2400,0.16096782684326172,0.16096782684326172,0.0,11723.700137138367
2,2420,0.2935638427734375,0.2935638427734375,0.0,11745.229604244232
2,2440,0.3229408264160156,0.3229408264160156,0.0,11766.854233264923
2,2460,0.14053821563720703,0.14053821563720703,0.0,11788.339682102203
2,2480,0.26683807373046875,0.26683807373046875,0.0,11809.80572605133
2,2500,0.43170166015625,0.43170166015625,0.0,11831.374472141266
2,2520,0.074310302734375,0.074310302734375,0.0,11852.9158680439
2,2540,0.4399757385253906,0.4399757385253906,0.0,11874.401267051697
2,2560,0.5574264526367188,0.5574264526367188,0.0,11895.911399126053
2,2580,0.2736797332763672,0.2736797332763672,0.0,11917.355549812317
2,2600,0.444122314453125,0.444122314453125,0.0,11938.803390979767
2,2620,0.1328887939453125,0.1328887939453125,0.0,11960.451378583908
2,2640,0.0935068130493164,0.0935068130493164,0.0,11982.035831928253
2,2660,0.16410446166992188,0.16410446166992188,0.0,12003.567774534225
2,2680,0.5592193603515625,0.5592193603515625,0.0,12025.25421667099
2,2700,0.2723731994628906,0.2723731994628906,0.0,12046.750365495682
2,2720,0.15032005310058594,0.15032005310058594,0.0,12068.200817584991
2,2740,0.3744935989379883,0.3744935989379883,0.0,12089.740361452103
2,2760,0.15106964111328125,0.15106964111328125,0.0,12111.251262426376
2,2780,0.3363037109375,0.3363037109375,0.0,12132.808814764023
2,2800,0.3655548095703125,0.3655548095703125,0.0,12154.199698209763
2,2820,0.12459945678710938,0.12459945678710938,0.0,12175.713837623596
2,2840,0.1188039779663086,0.1188039779663086,0.0,12197.33795452118
2,2860,0.7534942626953125,0.7534942626953125,0.0,12218.879373788834
2,2880,0.40338706970214844,0.40338706970214844,0.0,12240.393627643585
2,2900,0.1770477294921875,0.1770477294921875,0.0,12262.182825803757
2,2920,0.10265922546386719,0.10265922546386719,0.0,12283.732659101486
2,2940,0.09879112243652344,0.09879112243652344,0.0,12305.157322406769
2,2960,0.2086029052734375,0.2086029052734375,0.0,12326.69058227539
2,2980,0.07595443725585938,0.07595443725585938,0.0,12348.108461856842
2,3000,0.4399833679199219,0.4399833679199219,0.0,12369.640230894089
2,3020,0.22928714752197266,0.22928714752197266,0.0,12391.13583779335
2,3040,0.12330436706542969,0.12330436706542969,0.0,12412.673037528992
2,3060,0.5778274536132812,0.5778274536132812,0.0,12434.202894926071
2,3080,0.1393413543701172,0.1393413543701172,0.0,12455.612398386002
2,3100,0.09233283996582031,0.09233283996582031,0.0,12477.140587806702
2,3120,0.26984405517578125,0.26984405517578125,0.0,12498.743768453598
2,3140,0.20055007934570312,0.20055007934570312,0.0,12520.394860744476
2,3160,0.08974456787109375,0.08974456787109375,0.0,12541.969779491425
2,3180,0.07229995727539062,0.07229995727539062,0.0,12563.444249153137
2,3200,0.31946563720703125,0.31946563720703125,0.0,12584.916538000107
2,3220,0.06819534301757812,0.06819534301757812,0.0,12606.365761995316
2,3240,0.3404998779296875,0.3404998779296875,0.0,12627.832271814346
2,3260,0.18723678588867188,0.18723678588867188,0.0,12649.271579027176
2,3280,0.18543529510498047,0.18543529510498047,0.0,12670.710269451141
2,3300,0.2905392646789551,0.2905392646789551,0.0,12692.140288829803
2,3320,0.5851173400878906,0.5851173400878906,0.0,12713.657966375351
2,3340,0.13433837890625,0.13433837890625,0.0,12735.08156967163
2,3360,0.44872283935546875,0.44872283935546875,0.0,12756.627609014511
2,3380,0.7667198181152344,0.7667198181152344,0.0,12778.201574087143
2,3400,0.11530399322509766,0.11530399322509766,0.0,12799.738242864609
2,3420,0.09379005432128906,0.09379005432128906,0.0,12821.311281204224
2,3440,0.1559443473815918,0.1559443473815918,0.0,12842.785377025604
2,3460,0.3012886047363281,0.3012886047363281,0.0,12864.33457994461
2,3480,0.1082601547241211,0.1082601547241211,0.0,12885.841141700745
2,3500,0.1414022445678711,0.1414022445678711,0.0,12907.354259967804
2,3520,0.0836343765258789,0.0836343765258789,0.0,12928.867281675339
2,3540,0.2520790100097656,0.2520790100097656,0.0,12950.34752202034
2,3560,0.08534622192382812,0.08534622192382812,0.0,12971.77989912033
2,3580,0.7700977325439453,0.7700977325439453,0.0,12993.294984340668
2,3600,0.11777114868164062,0.11777114868164062,0.0,13014.777640104294
2,3620,0.20596027374267578,0.20596027374267578,0.0,13036.284738779068
2,3640,0.7148170471191406,0.7148170471191406,0.0,13057.796207904816
2,3660,0.15618133544921875,0.15618133544921875,0.0,13079.262000799179
2,3680,0.3561286926269531,0.3561286926269531,0.0,13100.708894729614
2,3700,0.057036399841308594,0.057036399841308594,0.0,13122.189625024796
2,3720,0.5479307174682617,0.5479307174682617,0.0,13143.674229621887
2,3740,0.31847572326660156,0.31847572326660156,0.0,13165.372262001038
2,3760,0.4359092712402344,0.4359092712402344,0.0,13186.9361038208
2,3780,0.37334537506103516,0.37334537506103516,0.0,13208.460884809494
2,3800,0.16271209716796875,0.16271209716796875,0.0,13229.907222270966
2,3820,0.16284656524658203,0.16284656524658203,0.0,13251.36741733551
2,3840,0.13111495971679688,0.13111495971679688,0.0,13272.978838205338
2,3860,0.09110736846923828,0.09110736846923828,0.0,13294.496067523956
2,3880,0.8806877136230469,0.8806877136230469,0.0,13316.021863937378
2,3900,0.09377670288085938,0.09377670288085938,0.0,13337.626827478409
2,3920,0.06324005126953125,0.06324005126953125,0.0,13359.167265892029
2,3940,0.08535957336425781,0.08535957336425781,0.0,13380.666117668152
2,3960,0.20124435424804688,0.20124435424804688,0.0,13402.189140558243
2,3980,0.2722015380859375,0.2722015380859375,0.0,13423.709050178528
2,4000,0.2092876434326172,0.2092876434326172,0.0,13445.159833669662
2,4020,0.28362464904785156,0.28362464904785156,0.0,13466.609457731247
2,4040,0.325347900390625,0.325347900390625,0.0,13488.224093914032
2,4060,0.12435436248779297,0.12435436248779297,0.0,13509.679309129715
2,4080,0.40619850158691406,0.40619850158691406,0.0,13531.186723709106
2,4100,0.2311725616455078,0.2311725616455078,0.0,13552.961733579636
2,4120,0.15948867797851562,0.15948867797851562,0.0,13574.372369289398
2,4140,0.17288589477539062,0.17288589477539062,0.0,13595.941150665283
2,4160,0.5093421936035156,0.5093421936035156,0.0,13617.406342029572
2,4180,0.45418548583984375,0.45418548583984375,0.0,13638.925158500671
2,4200,0.2621421813964844,0.2621421813964844,0.0,13660.404583215714
