category,md5,group_size,asin_count,candidate_asins,target_asins,roles_present,cross_role
dress,02fad00eb4baba1e60f727e697e36cd7,2,2,B00AKTTX8G,B00ANKY5O4,"candidate, target",True
dress,0481a25531d008222e2b5187e814deda,2,2,,"B008BBCRIS, B008BBCV84",target,False
dress,0806441bc6a23f922948c52bf8e022ab,2,2,B00C4OMRUQ,"B00C4OMRUQ, B00C4OMS00","candidate, target",True
dress,0b7d5865e3f10e09d350b110cd22f6e5,3,3,B00AKQBDKU,"B00AKQBDKU, B00BTDROGU, B00BTDS338","candidate, target",True
dress,0b8b8a7a51c46cdadd6d923d92cb2a24,8,8,"B00ANK75LO, B00BTPUIJ8, B00BV49WYY, B00CO2O83C","B00967K04O, B00ANK7AVO, B00AO1VXOW, B00BV49WYY, B00DCTLPSM","candidate, target",True
dress,111e9191f6fdfe51682d26b79bb41469,2,2,B00FKV0FW2,B00FKV0F8Q,"candidate, target",True
dress,168e84e7e44112532c5d14652a57d395,2,2,"B007ZDIXU4, B0080QPYHU",B0080QPYHU,"candidate, target",True
dress,19b4717a1323c51951aa5fdd67c911ce,2,2,B00A3UTL20,B00A3UTF58,"candidate, target",True
dress,1d26e2658b828af82e6e24788b35b3bb,2,2,B007ZYSFQU,"B007ZYSBKU, B007ZYSFQU","candidate, target",True
dress,1de73365f939e2b135d495bcb02d1d5b,2,2,,"B007CVURMQ, B007CVUSH0",target,False
dress,1e875bb6bad93d41a59ad14528cf23d3,2,2,B008YR07D6,"B008YR066O, B008YR07D6","candidate, target",True
dress,267323a7942b1258c700544f4301bc40,3,3,B00C5W165O,"B00C5W163G, B00C5W165O, B00C5W1668","candidate, target",True
dress,278853a8338a06e87af6d355806a2123,2,2,B005TEO7V0,B007M4KYK8,"candidate, target",True
dress,2f1ed9ef85c21ea811468661d1aa70e6,2,2,,"B00B0E2BK2, B00B0E2Y8G",target,False
dress,2f93d5115c85d55098f3becff04f2cd7,3,3,B00D8RZKPC,"B00D8RZKJ8, B00D8RZKNY","candidate, target",True
dress,306fec97b99ffda82a576c21f88615e2,2,2,B00A3UTD5U,"B00A3UT82I, B00A3UTD5U","candidate, target",True
dress,3babf685582bbbbc8b4791cad3420ea1,2,2,B00EEQOF2A,B00EEQOEXU,"candidate, target",True
dress,42ff715259111249c2a70d747b36ce22,4,4,"B00FI0LUCY, B00FI0LUII, B00FI0LV64","B00FI0LTXO, B00FI0LUCY, B00FI0LUII, B00FI0LV64","candidate, target",True
dress,447678ded2df6e19896349769f380bfd,9,9,"B00A88ZTNW, B00A8E8Z1E, B00APYBNR0, B00APYBNVQ, B00AYWXFLK, B00AYWXTES, B00DOX8KE8","B00A8E8K1Y, B00APYBNVQ, B00CQ09L3E","candidate, target",True
dress,4a10587c250541192887810390fcf983,2,2,B00792IPOA,B00792JNQO,"candidate, target",True
dress,4b7c701d7eaa75ae3965b3c9dcf278fa,2,2,B00A3UTGMK,"B00A3UTGMK, B00A3UTOTU","candidate, target",True
dress,5199da2b3bdd34fa43800ff6d8e7607d,5,5,,"B0015PWIMC, B00AW4BUTY, B00B3PUFX8, B00BB7FJRU, B00CAKLPLG",target,False
dress,51f0c588f56fb0505499afee21e1b498,2,2,,"B007WFFGZU, B00C5TLSXC",target,False
dress,543a825eb7c0639de071ea02516f0ba8,2,2,"B00APSRI0M, B00AYCL55S",,candidate,False
dress,56ac29a2562a159330dfdf77af7a27c2,10,10,"B00BFPGCYM, B00CFXU7TY","B00ALTB0PY, B00B191I4G, B00B2JHHBS, B00BFPGCYM, B00BKU92T4, B00BYOWGSK, B00C3CUPQW, B00CFXU7TY, B00DW5EXBM, B00EU9E3ZK","candidate, target",True
dress,5ac57070f89d3829489e9d430c13e7fe,2,2,"B00CTRSDJC, B00FFBEY88","B00CTRSDJC, B00FFBEY88","candidate, target",True
dress,5b480acef7c4ee0db76123c227b06023,2,2,,"B005GQPE5E, B005GQPE5Y",target,False
dress,61f36816dd36c0dee246815b125469ba,2,2,B00E9R4BQ4,"B00BJGNAIS, B00E9R4BQ4","candidate, target",True
dress,6200df6890aad15f57067634be6c14af,2,2,,"B00BFAWNP4, B00BRBCKW2",target,False
dress,643266a13c339319c42bd371b83369ff,2,2,"B00BNV78ZK, B00CGJZJ22","B00BNV78ZK, B00CGJZJ22","candidate, target",True
dress,6897f5a26cffeb53ba34e57d1c1466dc,2,2,B004HWWJZ6,B004HWYHVA,"candidate, target",True
dress,6b8adc71ac333a223fed9f411696dc02,2,2,,"B005X5RPA0, B005X6OV0G",target,False
dress,6cd777c5fb333ac2b013a42a2e22a0f2,3,3,"B00DU7WDMS, B00DU7WE5E","B00DU7WDMS, B00DU7WDUK, B00DU7WE5E","candidate, target",True
dress,6d728277199c41c24a97288c45d23d54,2,2,B00BYN092Q,"B00BYN092Q, B00DOX4HOA","candidate, target",True
dress,71e7b0fab4ed5832890cbf2aa8e243e4,2,2,"B00AZYXPDA, B00AZYXWA6",B00AZYXWA6,"candidate, target",True
dress,72dc71bda0606a9e7d8296bd4912188b,3,3,B00AK9KZSI,"B00APG4A32, B00AQCICS4","candidate, target",True
dress,72fe76e91bb1c862c84f0e550c2940c4,2,2,B009GGWYO4,"B009GGWYO4, B009GGWZHA","candidate, target",True
dress,73058df8b31bbb5dd9ec4a79aa6d0738,2,2,"B0080E699O, B00EZK65TQ",B0080E699O,"candidate, target",True
dress,77ea3e7b2091735e03b17e0fec91905b,2,2,,"B0087CI62W, B008I27TGU",target,False
dress,7cc2e71d6c20cf6dd5f3d0f591c35c32,18,18,"B00AOHEVDG, B00BSNJT7S, B00C70IBXO, B00CIQE186, B00CIQFIAG, B00DECZ03S, B00DM2H6EQ, B00E0WP2Y8","B00ALSQNZC, B00AOHEVDG, B00AU1U4PA, B00AYXA47W, B00BDGE222, B00BIY38OM, B00BSNJT7S, B00BXXNMGW, B00CIQD646, B00CIQDHJU, B00CIQDS08, B00CIQE186, B00CWZSI1O, B00DECZ03S, B00DM2H6EQ, B00E0WP2Y8","candidate, target",True
dress,80c71b1852120b06f64dc7138975c684,2,2,"B00D8RZKP2, B00D8RZKTS","B00D8RZKP2, B00D8RZKTS","candidate, target",True
dress,8571971346edcd1d5a72434cffe1eaa4,2,2,B00DURZ7BW,B00C40T5DC,"candidate, target",True
dress,892181d8f176ca3c3bbb92609443baf6,2,2,,"B00D860T5O, B00FHVHTF6",target,False
dress,8a4de43149ef1968bf9d8149ac1002c5,2,2,B007WAU1FU,"B007WAU1FU, B008P7ZH1M","candidate, target",True
dress,8c6c0099e6f0a425981e967f5fc3a790,2,2,,"B008YQXFBI, B008YQXJFU",target,False
dress,908f40887120089b122338bdbb16896a,2,2,"B00DBMI3OY, B00DBMI43O","B00DBMI3OY, B00DBMI43O","candidate, target",True
dress,93de55f5296622cad44f1ff897fa8ede,2,2,"B009ESAI4M, B009ESAKHC",,candidate,False
dress,94683b6187760610db1e4a40a3f9141b,2,2,B00FCEF00O,"B00FCEF00O, B00FQPJWRG","candidate, target",True
dress,96f3f9e7fe3d59586e40e514dcf0a15f,3,3,"B00BT8N1BC, B00BT8N1D0","B00BT8N1D0, B00BT919G0","candidate, target",True
dress,a644ff45561e0c1bbba4b98cfe455cb8,2,2,"B00DLWNPWY, B00DLWNQXC",B00DLWNQXC,"candidate, target",True
dress,a7520880ab6510a40c5c404f216cf081,2,2,B00CTLHJFM,B00EWKABB2,"candidate, target",True
dress,a9696fc64d4ebc580838b4b6fd7ce22d,3,3,B009RVDEMO,"B009RV9EAA, B00C40W020","candidate, target",True
dress,b2a31a5b27fc8bcd490ee1a78abd52a7,2,2,B00BNV7904,"B00ALT38KE, B00BNV7904","candidate, target",True
dress,be5d99892b13d7f927885acfa9ff8262,2,2,B00AEMHMMS,B00AEMHLLA,"candidate, target",True
dress,c070ef038aff934b384119da5d09ebf1,3,3,,"B004ZF6T60, B004ZF6TS8, B004ZF6TYC",target,False
dress,c15f2d998f3a38b1f5c508414cf904d5,3,3,"B00AKTTYFI, B00BQ7XLPM, B00CJ5O9K6",B00BQ7XLPM,"candidate, target",True
dress,c605bbf07b3fd0a26ad10713bc790323,2,2,B00BP407TO,B0060OT3E4,"candidate, target",True
dress,c70dfa1e9e58c66edcbabc9c12ec4e1a,2,2,,"B00AKO80D0, B00C40YH8U",target,False
dress,caebef4263dba99922f2073eab317d42,2,2,"B00C97HZWI, B00EF0XQAW",,candidate,False
dress,cba1c1cc33b39cd5d962519f449635c0,2,2,B00BX8SUZU,B009FENAMC,"candidate, target",True
dress,cdd29d6329d9dc3c1529ed7090eed590,2,2,,"B00BJFE0GK, B00BMO2F8S",target,False
dress,ce1f88f31b4dbb7a568876840df34d6c,2,2,B00CFXUOS8,B00CAKLMS2,"candidate, target",True
dress,d04d910388dd369f4bfbc14f6b9e4dcd,2,2,B0091GQV3E,"B0091GQTNQ, B0091GQV3E","candidate, target",True
dress,d4f3a43ddad266b8393870252ecff772,2,2,,"B00A3HL086, B00A3HL0O0",target,False
dress,db0832689e73eae4efd6f9558a79faa5,2,2,B00AKOUZPQ,B00AKO82FQ,"candidate, target",True
dress,e361e0950f55ff2321eae966413385b4,2,2,,"B00CI0D606, B00E96PV5U",target,False
dress,eddf70446efb3ae59dba13dd4594ccf2,4,4,"B002PEH0UW, B002PEZMUW","B002PEH0RK, B002PETCY4, B002PEZMUW","candidate, target",True
dress,f1aa0d326088017244e9f56d05b06f31,2,2,,"B0019KO8EE, B002H0LDTI",target,False
dress,f3aaa4845792fc5654fc0754383511a0,2,2,,"B004150Y7E, B006WOFU6W",target,False
dress,f7b7d4c40ca723967492b31e4d41ca6c,3,3,"B00CBV4KQQ, B00EZQGL1W","B00CBV4KQQ, B00CY8KEBQ","candidate, target",True
dress,f9c9b56a15c0f3033aa7cb9c5c7eae6c,2,2,B00DOLD2PC,B00DOLD2M0,"candidate, target",True
dress,fadcadf91c9e66bb41967c51ed19d37a,2,2,B009VDSJLY,"B009NBPFJ8, B009VDSJLY","candidate, target",True
dress,fd478e7f9c4e93a79ec011d3ef3e2560,3,3,"B002PEH0F2, B002PEXJJS, B002PEZMSY","B002PEH0F2, B002PEZMSY","candidate, target",True
dress,fe49a6f0b618ed9cb3cedd7cf4c599c7,2,2,B00DR7EKRW,B00DR7EKR2,"candidate, target",True
shirt,01a05ba276be6a081f4fb61ffca69aea,2,2,,"B001E4S8Z0, B001E4S8ZU",target,False
shirt,099b214c06855c866d7825a4b25c6bfd,2,2,B005TVUKXC,"B005TVUKXC, B005TVUL0O","candidate, target",True
shirt,0a04e0a518c3f6318f68f0e99f2267c3,2,2,"B00CBDHO4Y, B00CE3L7MG",B00CBDHO4Y,"candidate, target",True
shirt,0d522496a53fc77f3c93ef49d3ab4948,2,2,B00BHBACM2,B00BHBAD58,"candidate, target",True
shirt,0ffd2a0e63824b01b925eab49ea751ae,2,2,B000EG96T6,B001HDTRJ4,"candidate, target",True
shirt,15667b1bde6be35d86830614d6e0d97a,2,2,,"B000QHEPJE, B000QHGDSU",target,False
shirt,1abb4a5dab4bdcbd6afa86d6fd7e3fe1,2,2,B001M0MZYQ,"B001M0MYVA, B001M0MZYQ","candidate, target",True
shirt,1d4ba88412226584ed7c466c68248e1b,2,2,,"B00BGDDY30, B00BGDDY8U",target,False
shirt,207faeb51aa73617fa70e30c1f5f060d,2,2,B0073VBMFQ,"B0073VBMBK, B0073VBMFQ","candidate, target",True
shirt,25fdca16010995c0fc775b547c5f9316,3,3,"B00BV2Q5GO, B00BV2Q6N6","B00BV2Q5GO, B00BV2Q61S, B00BV2Q6N6","candidate, target",True
shirt,27fb84486cb145c06b597f9af3fb79e6,2,2,"B008YF39P6, B008YF3A4Q",B008YF39P6,"candidate, target",True
shirt,2f5b4ccaffb89940476c97f9cdaf9139,2,2,B00008JQXJ,B000VIKI3A,"candidate, target",True
shirt,350765dd92b8317af7a13e5f474f0ff1,2,2,"B000VCKGW4, B000VCQ1Y6","B000VCKGW4, B000VCQ1Y6","candidate, target",True
shirt,3a0702afabd85a8a7e91eb1a3620bec0,4,4,"B009ZH9LQI, B009ZH9M80","B009ZH9NGG, B009ZH9O24","candidate, target",True
shirt,3ff8349cc384f6ed8f96d5f7f6957f6d,2,2,B002KG6ONE,B002KGFK48,"candidate, target",True
shirt,446ca9eeabd8cdb5b71b16efc7fa288a,2,2,,"B00CPS9CR2, B00CPS9DIK",target,False
shirt,47c5fc498d9b0b0c31123c08c56968f0,2,2,B009ESZFEK,"B009ESZFEK, B009ESZFM2","candidate, target",True
shirt,481008ba37abe9643869e51ffb4240fc,2,2,B001JKGJGY,B001JKBFTU,"candidate, target",True
shirt,5240a606f700043c3c87877d5e46a407,4,4,"B0013FI8MI, B0013FPI9E","B0013FI8MI, B0013FJW64, B0013FLPDM, B0013FPI9E","candidate, target",True
shirt,5296fcecf319715c72c92a3f880d7bac,2,2,"B00AWVQXBM, B00AWVQXNA",,candidate,False
shirt,52a9eda0f645accce1234e7149e2ebde,2,2,,"B001BVNSAQ, B001BVPPN4",target,False
shirt,52ccde1279af59ea9167e93d7d2730e5,2,2,B0036XOGAI,"B0036XD3NE, B0036XOGAI","candidate, target",True
shirt,53d3f9a8490c2121e2491799af718bc8,2,2,,"B005173SBK, B005173SF6",target,False
shirt,542e3c02b538fab49404b488b0a35eff,4,4,"B009H4RTT0, B009H4RV6Q","B009H4RSQ4, B009H4RTT0, B009H4RV6Q, B009H4RWRE","candidate, target",True
shirt,5b805437743e008136cde97d10128a70,2,2,B0076S8EJI,"B0076S8EJI, B008PI9X1Q","candidate, target",True
shirt,5be91de4fc698efcf92597e6fc9e20c9,2,2,,"B003F22Y0Y, B003F26DUG",target,False
shirt,5ca1a8436517b0f5b0532e5ddfdb9779,2,2,,"B002XNR8DO, B002XNR8EI",target,False
shirt,5e3f04e734bcdbe18e582beb41fa76d5,2,2,B00079ZW7K,"B00079ZW7K, B0027ED4SW","candidate, target",True
shirt,5e565e0bb80f1d5152886aedfb001833,2,2,"B006H6WNQ0, B006H6WOR8","B006H6WNQ0, B006H6WOR8","candidate, target",True
shirt,61176991db08a2426ab0c8abb98e5a23,2,2,,"B0038MLEYS, B0038MNBF8",target,False
shirt,621b09782439a2b442c9a9ced8c680ea,2,2,"B000JR8TK2, B000JR9H3U","B000JR8TK2, B000JR9H3U","candidate, target",True
shirt,6524d3591189a2a8bdd2f0635ed67668,2,2,"B0009GDKN4, B0067GKZ0G",,candidate,False
shirt,6a8f46d33019ff979fd503f4c54b6c13,2,2,"B005LCN0N6, B005LCN144","B005LCN0N6, B005LCN144","candidate, target",True
shirt,6ef20ddf7e8d0f1a4af8508fea6a14ea,2,2,B00CN6GN7S,"B00CN6GN7S, B00CN6H3MW","candidate, target",True
shirt,72a1e10e1762bc8cab6aeed28b6d65e3,2,2,,"B006ONZT7G, B0093SL8UG",target,False
shirt,767fb18f5c2591b6b145202890cac8fa,2,2,B0070NURK8,"B0070NURK8, B0070NUZR8","candidate, target",True
shirt,7a72550484f0ca52ac7ee941a3968c0b,4,4,B0060A21FQ,"B0060A20XY, B0060A20ZC, B0060A217Y","candidate, target",True
shirt,7dd9e26edb536742c6f7726effcebaf7,2,2,"B0042DD09O, B008MTK844","B0042DD09O, B008MTK844","candidate, target",True
shirt,82313ef14e55a0115befc07a89f55be6,3,3,"B00641RU0W, B00641RU5C","B00641RU0W, B00641RU1Q, B00641RU5C","candidate, target",True
shirt,842ccf4d430eadbd2b30aa07c985f4b2,3,3,B009L35TN0,"B009L35TN0, B009L35UCK, B009L35V4C","candidate, target",True
shirt,8ddd8daa9d0c0ce0d7cdd85ee572b398,2,2,B006RDRHSM,"B0058YRL9G, B006RDRHSM","candidate, target",True
shirt,8f8a26ad7117da9548c82873714ea697,3,3,,"B00E40LTO8, B00E40LV7I, B00E40LXUI",target,False
shirt,9021993e8d542e4bb2f2340d3da5202a,2,2,B009SDRDYG,"B009SDRDYG, B00C1NZ5ZY","candidate, target",True
shirt,907b1a98208d4250dea550e0d63f4de1,2,2,,"B0058PKHNW, B007TC0U48",target,False
shirt,90e1316c421685b323c45c94f461d576,2,2,,"B003BQR0AI, B003BQSZ5C",target,False
shirt,932e07ba9ab626d712d79555bd813864,2,2,B00406YYVQ,B008RL1YHM,"candidate, target",True
shirt,9347f1577a6acb483809123aac092723,3,3,B00BV2SM74,"B00BV2SLIE, B00BV2SM74, B00BV2SMYW","candidate, target",True
shirt,94fe96cedeb0d672cf6c6b4a21f4162d,3,3,"B00BV2Q9B0, B00BV2QB0E, B00BV2QC2Q","B00BV2Q9B0, B00BV2QB0E, B00BV2QC2Q","candidate, target",True
shirt,95510558dd1ae099675ecb5889362e54,3,3,"B00B8QYI2G, B00B8QYI4O, B00B8QYI6C","B00B8QYI2G, B00B8QYI4O","candidate, target",True
shirt,965371b2ecc0523f1648d9df7f0460be,2,2,"B00BHIZSR4, B00BHIZTD2",B00BHIZSR4,"candidate, target",True
shirt,9930d02ea3a27169ce72bd6dcd5c17db,2,2,B00AOJHINE,B00AOJI69O,"candidate, target",True
shirt,9acf1fc26d1179c6dce44ad7db43cb22,2,2,"B0036SP2Y2, B0036SP2YW","B0036SP2Y2, B0036SP2YW","candidate, target",True
shirt,9b3c83201fb9d0c037f1b3bba91c03ae,2,2,B0045ETXU0,"B001J4TY44, B0045ETXU0","candidate, target",True
shirt,9d3df55e4b114ffba6493efd5766a0d1,3,3,B004IIEVD2,"B004IIBA9K, B004IIEVDC","candidate, target",True
shirt,a1291671d13b34ab6f7c6b9c3cb8ea76,3,3,B002KG8LMG,"B002KG6OYI, B002KGDIT2","candidate, target",True
shirt,a42529854b2128e77d9539ed91c568fe,2,2,,"B00F99GCZ4, B00F99GI3U",target,False
shirt,a462bc433eba285134be5cdc072aa5cd,2,2,"B007WTYRFQ, B007ZW3L0C",,candidate,False
shirt,a507266088055aae1463f458489e89fb,2,2,B003UT6REG,"B003UT6REG, B003UT6RF0","candidate, target",True
shirt,a6d58bcd10df516db21358eac3205a25,2,2,B001O883S8,B001O84MII,"candidate, target",True
shirt,a8ef14a14d6585b73fbf67bd1827728b,2,2,"B00430B69M, B00430B6PQ","B00430B69M, B00430B6PQ","candidate, target",True
shirt,ae785dd71ba61409edcf289a853e7a73,4,4,"B000YVGOA0, B003F1Z6H8, B003Y3ZM6C","B000YVGOA0, B003F1XJJK, B003F1Z6H8","candidate, target",True
shirt,b0f149e5319045d99599e4c140ad4189,4,4,"B00BHASDRE, B00BHASE5A, B00BHASECS","B00BHASDRE, B00BHASDX8, B00BHASE5A","candidate, target",True
shirt,b74685b300a70ca893688ecadd522803,2,2,,"B004NPAQHA, B004NPCD3U",target,False
shirt,bb82f04eff9af3f88a63d75e6caa7127,3,3,B002BFBYFC,"B002BF8EPK, B002BFBYFC, B002BFFETO","candidate, target",True
shirt,bf8a049139379cb5e37d01beea79f553,2,2,"B0075BDHL6, B0075BEDFK",B0075BEDFK,"candidate, target",True
shirt,c6fb7e44e0018df85c4ee1024f70c886,2,2,"B002KO943S, B008G3N5AK","B002KO943S, B008G3N5AK","candidate, target",True
shirt,c6fe3973aacf8c3f9462b865a646e4aa,2,2,"B00BGDRZKI, B00BXQNBY2","B00BGDRZKI, B00BXQNBY2","candidate, target",True
shirt,d13ff24b43c15e275d7e61a01fde3ac6,2,2,B005KUICXM,"B005KUICXM, B005KUICZ0","candidate, target",True
shirt,d1d13e10bba112d2e2f1e73a072731f0,2,2,,"B00EAX4R5C, B00EAXBT1C",target,False
shirt,d38302f53f06ee973f86959e20b2f5b0,3,3,B007I77LNC,"B007I77LM8, B007I77LVE","candidate, target",True
shirt,d3d4f0947b53cf8b5586088316292419,2,2,B004ORNJL2,B004ORRHNI,"candidate, target",True
shirt,d3ff4ca56f5b59320078ebb9972d2a81,3,3,B007QZWLK4,"B007QZWM4E, B007QZWMC6","candidate, target",True
shirt,dd367b7f244ee91950ec523becf099a4,2,2,B000BDDFX0,B000BDDFWQ,"candidate, target",True
shirt,de3f48c3add193b83a947b2a84b4a9d8,2,2,,"B001O82IAC, B001O869LQ",target,False
shirt,e028fa781411c82db33d4a050eac22d6,2,2,B0036O75CI,"B0036O5P4S, B0036O75CI","candidate, target",True
shirt,e190e0e900291f3316e1b2e6913bdb04,2,2,"B007IVEC26, B0087Q2H8W","B007IVEC26, B0087Q2H8W","candidate, target",True
shirt,e6dcc9aa5975200ebe9638624c6cc5ad,2,2,,"B00580KQO2, B007JZ983Y",target,False
shirt,e7f2f4e6dadad0e41c1c7a73e80a954a,2,2,,"B00731P81A, B00731P83I",target,False
shirt,edef2c8d966e4446fd34872a32827322,2,2,B003E1E2VA,B003E1A8KE,"candidate, target",True
shirt,efa4ebd882b4c5ad0a7da48c4ad74785,2,2,"B000IMYMYK, B000IMYMYU",,candidate,False
shirt,f99843c872d403f0aacf77aa48dd9a64,2,2,B005PBWWV4,B005PBWWSW,"candidate, target",True
shirt,fcc698504b7e01801c173110ef11d732,2,2,,"B0036XOOG4, B0036XQH28",target,False
shirt,fe12673ba39f41ba88da8e2e04799cfa,2,2,"B0037OBPKU, B0037OJ2ZU",B0037OJ2ZU,"candidate, target",True
toptee,01c1dc30dec6075f8b51a36a52fa4a48,2,2,B009ETDLO0,B009ETD5VY,"candidate, target",True
toptee,038bde571ed2986d70656b60a39b34ca,2,2,"B004NEIFTW, B004NEIFUG",B004NEIFTW,"candidate, target",True
toptee,061d1dab10fb285a7b24d50efe0dacf8,2,2,B007W4VCRW,B007W2HE7G,"candidate, target",True
toptee,0d31d1e750760f81924efd75e986727f,2,2,"B007TGJO7S, B0083S18LQ",,candidate,False
toptee,0d522496a53fc77f3c93ef49d3ab4948,2,2,B00BHBACM2,B00BHBAD58,"candidate, target",True
toptee,0f3bdaa9bd830be572a381a9d1471cbb,2,2,B008G51I0W,B008G51IDY,"candidate, target",True
toptee,1353a1a9966933db8a758a04a60e777d,2,2,B004S3CO36,B0083XHOIW,"candidate, target",True
toptee,149901cc9462470e8d386e451c73cbab,2,2,B0083VXYY2,"B0083VXYMY, B0083VXYY2","candidate, target",True
toptee,199900ff5572150e9b37a5ae63aece14,2,2,B00889AGMC,B00HC9OZ6C,"candidate, target",True
toptee,19b64e2195c8f918a6e43b358336af07,2,2,,"B000PZOFRY, B000PZRN8C",target,False
toptee,1a2ab626adef8652acb2ca357251024a,2,2,B00CXJN9FY,B00CXJN9FE,"candidate, target",True
toptee,1cc22fc19731e6eacbf0fbe36a3bee20,3,3,B009ESDWCM,"B009ESDWCM, B009ESEDVQ, B009ESEK2S","candidate, target",True
toptee,274debcf7d3ad41453248279d4532554,2,2,B000VYQY00,B000VYQY0A,"candidate, target",True
toptee,2d5fca36abc05ae9db2c5b8aedd70db6,2,2,"B001CEVAEI, B001CF099Y",,candidate,False
toptee,308cc084fc93b60a92d034d152b07d12,2,2,B0070W0TRA,B0070VYID2,"candidate, target",True
toptee,36156889d28379905c67dea7404bf720,2,2,B00CM9K0OS,"B00CM9K0OS, B00CM9K368","candidate, target",True
toptee,3d8bbb8f2f51a10a1ee8185f04ecbf93,2,2,,"B001T6UGLC, B00BSE0I3G",target,False
toptee,49a75a62c7561437e861c34fa49f1b9b,2,2,B008LV1A90,B008LV1ATU,"candidate, target",True
toptee,4d0be89a4a1712b90d48bdac8406cc95,3,3,"B00DR4912Y, B00DR49142","B00DR4912Y, B00DR49142, B00DR4917E","candidate, target",True
toptee,51eed9f0ff4e70694b29be0384b112e8,4,4,B007J7J4B8,"B007J7J4B8, B007J7J4V8, B007J7J5KI, B007J7J6NO","candidate, target",True
toptee,5515dde134c86b875aec2c84451dbf4b,2,2,B008YYBSE6,B008YYB300,"candidate, target",True
toptee,56eb125d52ba11b7309699cc2430dddf,2,2,"B006U228L6, B006U228V6","B006U228L6, B006U228V6","candidate, target",True
toptee,59bf6e7c3bf1c778914c2b9162590274,2,2,"B009S5YA18, B009S5YA2M",B009S5YA18,"candidate, target",True
toptee,621b09782439a2b442c9a9ced8c680ea,2,2,"B000JR8TK2, B000JR9H3U","B000JR8TK2, B000JR9H3U","candidate, target",True
toptee,62af130d472ddcccb384aded6b54f479,2,2,B006KXI8LO,B006KXI8DW,"candidate, target",True
toptee,667d34d6eb60220ff83db1a09d1d2711,2,2,"B005OZN0LM, B005PXGRMW",,candidate,False
toptee,698155b8ef048e616e7f792ffe4dfa35,2,2,"B005S6YGI8, B005S6YGO2",,candidate,False
toptee,6da434ff225be87d2b77a964d7405ed6,11,11,"B00AL1QED0, B00AL1QEF8, B00AL1QEH6, B00AL1QETY, B00AL1QEY4, B00C7AFSHQ, B00C7B65CC","B00AL1QEF8, B00AL1QEH6, B00AL1QEIK, B00AL1QETO, B00AL1QETY, B00AL1QEU8, B00AL1QEV2, B00AL1QEY4, B00C7AFSHQ, B00C7B65CC","candidate, target",True
toptee,75ab24367a63fcf452f22f393468f2b0,2,2,"B006VE9TME, B006VFL28M",B006VFL28M,"candidate, target",True
toptee,7a2520a2a24bc62a80bf3e138819362c,2,2,B00AW83K2U,"B00AW83JLM, B00AW83K2U","candidate, target",True
toptee,816908c000e92fe2ce5dfbf5bbadb9be,2,2,B008YGCJXS,B008YGEOOA,"candidate, target",True
toptee,87553edc05115b7f85c0b00f80752ee8,2,2,"B008MBKQHG, B008MBKRIE","B008MBKQHG, B008MBKRIE","candidate, target",True
toptee,8999c9ebbe96dc1ceff262f8e3c0d9ec,2,2,,"B002ZZ7ZWE, B002ZZDDF2",target,False
toptee,8eae7456bd6502f542b9bf44478626fa,2,2,B0087CHN44,"B0087CHN44, B0087D7O8I","candidate, target",True
toptee,937c97a08e2739800b08c50ba74101d3,2,2,"B004MC97P6, B005I66VBS",,candidate,False
toptee,a62ab5602ab06df801c90004feb7b50d,2,2,B00E678ZPU,"B00E678ZPU, B00E6790AY","candidate, target",True
toptee,b0f149e5319045d99599e4c140ad4189,4,4,"B00BHASDME, B00BHASDRE, B00BHASE5A","B00BHASDME, B00BHASDRE, B00BHASDX8, B00BHASE5A","candidate, target",True
toptee,b267f48607710f2dadc39d7086ee8b7c,2,2,B0084E7A48,B0084E7534,"candidate, target",True
toptee,b3209bddd9b4fd048614731522eb82da,2,2,,"B008QQH51W, B008QQH5AI",target,False
toptee,bc112485653b1eb10de758eabaead423,3,3,"B004R2HNCU, B004UR8L0A","B004R2HNCU, B004R2HNUM","candidate, target",True
toptee,c0c681c6fb7014fe6e568bf0c7788451,2,2,B004U42Y2O,"B004U42Y2O, B00CX3EO7W","candidate, target",True
toptee,c5230dbfa5448f2d42bba3d9795054f4,2,2,,"B003NYUDMA, B003NYUDOI",target,False
toptee,c66e03a06e6eb81ec3975234d89eb71b,2,2,"B000YVGT46, B000YVKMC6",B000YVKMC6,"candidate, target",True
toptee,c9dae5cd45b05f71262eb29af48f26af,2,2,"B008595MDI, B00A78X7GY","B008595MDI, B00A78X7GY","candidate, target",True
toptee,d07116bc56ed00d377213f08bed0c61b,2,2,,"B005R4A1O4, B006LWGZGO",target,False
toptee,d81a56b181ca7b8202df3aec59b5259f,2,2,"B00ADM1UD6, B00ADM1W0M",,candidate,False
toptee,e0bf3d76629f53bb2176be46abfabb35,2,2,,"B008TWFHJ0, B009Z3Z71A",target,False
toptee,e34e280f7a6c46c48ec2f7579c01ecd0,2,2,B007Y3CJMI,"B007W50XF8, B007Y3CJMI","candidate, target",True
toptee,e89c17a17d8b3bd3ae0359ce34c9e76f,2,2,B008LV15RM,"B008LV14OG, B008LV15RM","candidate, target",True
toptee,fb8ef30cd6c9d6b14679ec3f3c8f6c22,2,2,B00EI4GWNI,"B00EI4GWNI, B00EI4GWOC","candidate, target",True
