category,asin,image_path,md5,group_size
dress,B00ALSQNZC,C:\Users\selot\OneDrive\Documents\5SEM-CP\DL\Deep_Learning\CP\data\raw\fashioniq\dress\B00ALSQNZC.jpg,7cc2e71d6c20cf6dd5f3d0f591c35c32,18
dress,B00AOHEVDG,C:\Users\selot\OneDrive\Documents\5SEM-CP\DL\Deep_Learning\CP\data\raw\fashioniq\dress\B00AOHEVDG.jpg,7cc2e71d6c20cf6dd5f3d0f591c35c32,18
dress,B00AU1U4PA,C:\Users\selot\OneDrive\Documents\5SEM-CP\DL\Deep_Learning\CP\data\raw\fashioniq\dress\B00AU1U4PA.jpg,7cc2e71d6c20cf6dd5f3d0f591c35c32,18
dress,B00AYXA47W,C:\Users\selot\OneDrive\Documents\5SEM-CP\DL\Deep_Learning\CP\data\raw\fashioniq\dress\B00AYXA47W.jpg,7cc2e71d6c20cf6dd5f3d0f591c35c32,18
dress,B00BDGE222,C:\Users\selot\OneDrive\Documents\5SEM-CP\DL\Deep_Learning\CP\data\raw\fashioniq\dress\B00BDGE222.jpg,7cc2e71d6c20cf6dd5f3d0f591c35c32,18
dress,B00BIY38OM,C:\Users\selot\OneDrive\Documents\5SEM-CP\DL\Deep_Learning\CP\data\raw\fashioniq\dress\B00BIY38OM.jpg,7cc2e71d6c20cf6dd5f3d0f591c35c32,18
dress,B00BSNJT7S,C:\Users\selot\OneDrive\Documents\5SEM-CP\DL\Deep_Learning\CP\data\raw\fashioniq\dress\B00BSNJT7S.jpg,7cc2e71d6c20cf6dd5f3d0f591c35c32,18
dress,B00BXXNMGW,C:\Users\selot\OneDrive\Documents\5SEM-CP\DL\Deep_Learning\CP\data\raw\fashioniq\dress\B00BXXNMGW.jpg,7cc2e71d6c20cf6dd5f3d0f591c35c32,18
dress,B00C70IBXO,C:\Users\selot\OneDrive\Documents\5SEM-CP\DL\Deep_Learning\CP\data\raw\fashioniq\dress\B00C70IBXO.jpg,7cc2e71d6c20cf6dd5f3d0f591c35c32,18
dress,B00CIQD646,C:\Users\selot\OneDrive\Documents\5SEM-CP\DL\Deep_Learning\CP\data\raw\fashioniq\dress\B00CIQD646.jpg,7cc2e71d6c20cf6dd5f3d0f591c35c32,18
dress,B00CIQDHJU,C:\Users\selot\OneDrive\Documents\5SEM-CP\DL\Deep_Learning\CP\data\raw\fashioniq\dress\B00CIQDHJU.jpg,7cc2e71d6c20cf6dd5f3d0f591c35c32,18
dress,B00CIQDS08,C:\Users\selot\OneDrive\Documents\5SEM-CP\DL\Deep_Learning\CP\data\raw\fashioniq\dress\B00CIQDS08.jpg,7cc2e71d6c20cf6dd5f3d0f591c35c32,18
dress,B00CIQE186,C:\Users\selot\OneDrive\Documents\5SEM-CP\DL\Deep_Learning\CP\data\raw\fashioniq\dress\B00CIQE186.jpg,7cc2e71d6c20cf6dd5f3d0f591c35c32,18
dress,B00CIQFIAG,C:\Users\selot\OneDrive\Documents\5SEM-CP\DL\Deep_Learning\CP\data\raw\fashioniq\dress\B00CIQFIAG.jpg,7cc2e71d6c20cf6dd5f3d0f591c35c32,18
dress,B00CWZSI1O,C:\Users\selot\OneDrive\Documents\5SEM-CP\DL\Deep_Learning\CP\data\raw\fashioniq\dress\B00CWZSI1O.jpg,7cc2e71d6c20cf6dd5f3d0f591c35c32,18
dress,B00DECZ03S,C:\Users\selot\OneDrive\Documents\5SEM-CP\DL\Deep_Learning\CP\data\raw\fashioniq\dress\B00DECZ03S.jpg,7cc2e71d6c20cf6dd5f3d0f591c35c32,18
dress,B00DM2H6EQ,C:\Users\selot\OneDrive\Documents\5SEM-CP\DL\Deep_Learning\CP\data\raw\fashioniq\dress\B00DM2H6EQ.jpg,7cc2e71d6c20cf6dd5f3d0f591c35c32,18
dress,B00E0WP2Y8,C:\Users\selot\OneDrive\Documents\5SEM-CP\DL\Deep_Learning\CP\data\raw\fashioniq\dress\B00E0WP2Y8.jpg,7cc2e71d6c20cf6dd5f3d0f591c35c32,18
dress,B00ALTB0PY,C:\Users\selot\OneDrive\Documents\5SEM-CP\DL\Deep_Learning\CP\data\raw\fashioniq\dress\B00ALTB0PY.jpg,56ac29a2562a159330dfdf77af7a27c2,10
dress,B00B191I4G,C:\Users\selot\OneDrive\Documents\5SEM-CP\DL\Deep_Learning\CP\data\raw\fashioniq\dress\B00B191I4G.jpg,56ac29a2562a159330dfdf77af7a27c2,10
dress,B00B2JHHBS,C:\Users\selot\OneDrive\Documents\5SEM-CP\DL\Deep_Learning\CP\data\raw\fashioniq\dress\B00B2JHHBS.jpg,56ac29a2562a159330dfdf77af7a27c2,10
dress,B00BFPGCYM,C:\Users\selot\OneDrive\Documents\5SEM-CP\DL\Deep_Learning\CP\data\raw\fashioniq\dress\B00BFPGCYM.jpg,56ac29a2562a159330dfdf77af7a27c2,10
dress,B00BKU92T4,C:\Users\selot\OneDrive\Documents\5SEM-CP\DL\Deep_Learning\CP\data\raw\fashioniq\dress\B00BKU92T4.jpg,56ac29a2562a159330dfdf77af7a27c2,10
dress,B00BYOWGSK,C:\Users\selot\OneDrive\Documents\5SEM-CP\DL\Deep_Learning\CP\data\raw\fashioniq\dress\B00BYOWGSK.jpg,56ac29a2562a159330dfdf77af7a27c2,10
dress,B00C3CUPQW,C:\Users\selot\OneDrive\Documents\5SEM-CP\DL\Deep_Learning\CP\data\raw\fashioniq\dress\B00C3CUPQW.jpg,56ac29a2562a159330dfdf77af7a27c2,10
dress,B00CFXU7TY,C:\Users\selot\OneDrive\Documents\5SEM-CP\DL\Deep_Learning\CP\data\raw\fashioniq\dress\B00CFXU7TY.jpg,56ac29a2562a159330dfdf77af7a27c2,10
dress,B00DW5EXBM,C:\Users\selot\OneDrive\Documents\5SEM-CP\DL\Deep_Learning\CP\data\raw\fashioniq\dress\B00DW5EXBM.jpg,56ac29a2562a159330dfdf77af7a27c2,10
dress,B00EU9E3ZK,C:\Users\selot\OneDrive\Documents\5SEM-CP\DL\Deep_Learning\CP\data\raw\fashioniq\dress\B00EU9E3ZK.jpg,56ac29a2562a159330dfdf77af7a27c2,10
dress,B00A88ZTNW,C:\Users\selot\OneDrive\Documents\5SEM-CP\DL\Deep_Learning\CP\data\raw\fashioniq\dress\B00A88ZTNW.jpg,447678ded2df6e19896349769f380bfd,9
dress,B00A8E8K1Y,C:\Users\selot\OneDrive\Documents\5SEM-CP\DL\Deep_Learning\CP\data\raw\fashioniq\dress\B00A8E8K1Y.jpg,447678ded2df6e19896349769f380bfd,9
dress,B00A8E8Z1E,C:\Users\selot\OneDrive\Documents\5SEM-CP\DL\Deep_Learning\CP\data\raw\fashioniq\dress\B00A8E8Z1E.jpg,447678ded2df6e19896349769f380bfd,9
dress,B00APYBNR0,C:\Users\selot\OneDrive\Documents\5SEM-CP\DL\Deep_Learning\CP\data\raw\fashioniq\dress\B00APYBNR0.jpg,447678ded2df6e19896349769f380bfd,9
dress,B00APYBNVQ,C:\Users\selot\OneDrive\Documents\5SEM-CP\DL\Deep_Learning\CP\data\raw\fashioniq\dress\B00APYBNVQ.jpg,447678ded2df6e19896349769f380bfd,9
dress,B00AYWXFLK,C:\Users\selot\OneDrive\Documents\5SEM-CP\DL\Deep_Learning\CP\data\raw\fashioniq\dress\B00AYWXFLK.jpg,447678ded2df6e19896349769f380bfd,9
dress,B00AYWXTES,C:\Users\selot\OneDrive\Documents\5SEM-CP\DL\Deep_Learning\CP\data\raw\fashioniq\dress\B00AYWXTES.jpg,447678ded2df6e19896349769f380bfd,9
dress,B00CQ09L3E,C:\Users\selot\OneDrive\Documents\5SEM-CP\DL\Deep_Learning\CP\data\raw\fashioniq\dress\B00CQ09L3E.jpg,447678ded2df6e19896349769f380bfd,9
dress,B00DOX8KE8,C:\Users\selot\OneDrive\Documents\5SEM-CP\DL\Deep_Learning\CP\data\raw\fashioniq\dress\B00DOX8KE8.jpg,447678ded2df6e19896349769f380bfd,9
dress,B00967K04O,C:\Users\selot\OneDrive\Documents\5SEM-CP\DL\Deep_Learning\CP\data\raw\fashioniq\dress\B00967K04O.jpg,0b8b8a7a51c46cdadd6d923d92cb2a24,8
dress,B00ANK75LO,C:\Users\selot\OneDrive\Documents\5SEM-CP\DL\Deep_Learning\CP\data\raw\fashioniq\dress\B00ANK75LO.jpg,0b8b8a7a51c46cdadd6d923d92cb2a24,8
dress,B00ANK7AVO,C:\Users\selot\OneDrive\Documents\5SEM-CP\DL\Deep_Learning\CP\data\raw\fashioniq\dress\B00ANK7AVO.jpg,0b8b8a7a51c46cdadd6d923d92cb2a24,8
dress,B00AO1VXOW,C:\Users\selot\OneDrive\Documents\5SEM-CP\DL\Deep_Learning\CP\data\raw\fashioniq\dress\B00AO1VXOW.jpg,0b8b8a7a51c46cdadd6d923d92cb2a24,8
dress,B00BTPUIJ8,C:\Users\selot\OneDrive\Documents\5SEM-CP\DL\Deep_Learning\CP\data\raw\fashioniq\dress\B00BTPUIJ8.jpg,0b8b8a7a51c46cdadd6d923d92cb2a24,8
dress,B00BV49WYY,C:\Users\selot\OneDrive\Documents\5SEM-CP\DL\Deep_Learning\CP\data\raw\fashioniq\dress\B00BV49WYY.jpg,0b8b8a7a51c46cdadd6d923d92cb2a24,8
dress,B00CO2O83C,C:\Users\selot\OneDrive\Documents\5SEM-CP\DL\Deep_Learning\CP\data\raw\fashioniq\dress\B00CO2O83C.jpg,0b8b8a7a51c46cdadd6d923d92cb2a24,8
dress,B00DCTLPSM,C:\Users\selot\OneDrive\Documents\5SEM-CP\DL\Deep_Learning\CP\data\raw\fashioniq\dress\B00DCTLPSM.jpg,0b8b8a7a51c46cdadd6d923d92cb2a24,8
dress,B0015PWIMC,C:\Users\selot\OneDrive\Documents\5SEM-CP\DL\Deep_Learning\CP\data\raw\fashioniq\dress\B0015PWIMC.jpg,5199da2b3bdd34fa43800ff6d8e7607d,5
dress,B00AW4BUTY,C:\Users\selot\OneDrive\Documents\5SEM-CP\DL\Deep_Learning\CP\data\raw\fashioniq\dress\B00AW4BUTY.jpg,5199da2b3bdd34fa43800ff6d8e7607d,5
dress,B00B3PUFX8,C:\Users\selot\OneDrive\Documents\5SEM-CP\DL\Deep_Learning\CP\data\raw\fashioniq\dress\B00B3PUFX8.jpg,5199da2b3bdd34fa43800ff6d8e7607d,5
dress,B00BB7FJRU,C:\Users\selot\OneDrive\Documents\5SEM-CP\DL\Deep_Learning\CP\data\raw\fashioniq\dress\B00BB7FJRU.jpg,5199da2b3bdd34fa43800ff6d8e7607d,5
dress,B00CAKLPLG,C:\Users\selot\OneDrive\Documents\5SEM-CP\DL\Deep_Learning\CP\data\raw\fashioniq\dress\B00CAKLPLG.jpg,5199da2b3bdd34fa43800ff6d8e7607d,5
dress,B00FI0LTXO,C:\Users\selot\OneDrive\Documents\5SEM-CP\DL\Deep_Learning\CP\data\raw\fashioniq\dress\B00FI0LTXO.jpg,42ff715259111249c2a70d747b36ce22,4
dress,B00FI0LUCY,C:\Users\selot\OneDrive\Documents\5SEM-CP\DL\Deep_Learning\CP\data\raw\fashioniq\dress\B00FI0LUCY.jpg,42ff715259111249c2a70d747b36ce22,4
dress,B00FI0LUII,C:\Users\selot\OneDrive\Documents\5SEM-CP\DL\Deep_Learning\CP\data\raw\fashioniq\dress\B00FI0LUII.jpg,42ff715259111249c2a70d747b36ce22,4
dress,B00FI0LV64,C:\Users\selot\OneDrive\Documents\5SEM-CP\DL\Deep_Learning\CP\data\raw\fashioniq\dress\B00FI0LV64.jpg,42ff715259111249c2a70d747b36ce22,4
dress,B002PEH0RK,C:\Users\selot\OneDrive\Documents\5SEM-CP\DL\Deep_Learning\CP\data\raw\fashioniq\dress\B002PEH0RK.jpg,eddf70446efb3ae59dba13dd4594ccf2,4
dress,B002PEH0UW,C:\Users\selot\OneDrive\Documents\5SEM-CP\DL\Deep_Learning\CP\data\raw\fashioniq\dress\B002PEH0UW.jpg,eddf70446efb3ae59dba13dd4594ccf2,4
dress,B002PETCY4,C:\Users\selot\OneDrive\Documents\5SEM-CP\DL\Deep_Learning\CP\data\raw\fashioniq\dress\B002PETCY4.jpg,eddf70446efb3ae59dba13dd4594ccf2,4
dress,B002PEZMUW,C:\Users\selot\OneDrive\Documents\5SEM-CP\DL\Deep_Learning\CP\data\raw\fashioniq\dress\B002PEZMUW.jpg,eddf70446efb3ae59dba13dd4594ccf2,4
dress,B00AKQBDKU,C:\Users\selot\OneDrive\Documents\5SEM-CP\DL\Deep_Learning\CP\data\raw\fashioniq\dress\B00AKQBDKU.jpg,0b7d5865e3f10e09d350b110cd22f6e5,3
dress,B00BTDROGU,C:\Users\selot\OneDrive\Documents\5SEM-CP\DL\Deep_Learning\CP\data\raw\fashioniq\dress\B00BTDROGU.jpg,0b7d5865e3f10e09d350b110cd22f6e5,3
dress,B00BTDS338,C:\Users\selot\OneDrive\Documents\5SEM-CP\DL\Deep_Learning\CP\data\raw\fashioniq\dress\B00BTDS338.jpg,0b7d5865e3f10e09d350b110cd22f6e5,3
dress,B00C5W163G,C:\Users\selot\OneDrive\Documents\5SEM-CP\DL\Deep_Learning\CP\data\raw\fashioniq\dress\B00C5W163G.jpg,267323a7942b1258c700544f4301bc40,3
dress,B00C5W165O,C:\Users\selot\OneDrive\Documents\5SEM-CP\DL\Deep_Learning\CP\data\raw\fashioniq\dress\B00C5W165O.jpg,267323a7942b1258c700544f4301bc40,3
dress,B00C5W1668,C:\Users\selot\OneDrive\Documents\5SEM-CP\DL\Deep_Learning\CP\data\raw\fashioniq\dress\B00C5W1668.jpg,267323a7942b1258c700544f4301bc40,3
dress,B00D8RZKJ8,C:\Users\selot\OneDrive\Documents\5SEM-CP\DL\Deep_Learning\CP\data\raw\fashioniq\dress\B00D8RZKJ8.jpg,2f93d5115c85d55098f3becff04f2cd7,3
dress,B00D8RZKNY,C:\Users\selot\OneDrive\Documents\5SEM-CP\DL\Deep_Learning\CP\data\raw\fashioniq\dress\B00D8RZKNY.jpg,2f93d5115c85d55098f3becff04f2cd7,3
dress,B00D8RZKPC,C:\Users\selot\OneDrive\Documents\5SEM-CP\DL\Deep_Learning\CP\data\raw\fashioniq\dress\B00D8RZKPC.jpg,2f93d5115c85d55098f3becff04f2cd7,3
dress,B00DU7WDMS,C:\Users\selot\OneDrive\Documents\5SEM-CP\DL\Deep_Learning\CP\data\raw\fashioniq\dress\B00DU7WDMS.jpg,6cd777c5fb333ac2b013a42a2e22a0f2,3
dress,B00DU7WDUK,C:\Users\selot\OneDrive\Documents\5SEM-CP\DL\Deep_Learning\CP\data\raw\fashioniq\dress\B00DU7WDUK.jpg,6cd777c5fb333ac2b013a42a2e22a0f2,3
dress,B00DU7WE5E,C:\Users\selot\OneDrive\Documents\5SEM-CP\DL\Deep_Learning\CP\data\raw\fashioniq\dress\B00DU7WE5E.jpg,6cd777c5fb333ac2b013a42a2e22a0f2,3
dress,B00AK9KZSI,C:\Users\selot\OneDrive\Documents\5SEM-CP\DL\Deep_Learning\CP\data\raw\fashioniq\dress\B00AK9KZSI.jpg,72dc71bda0606a9e7d8296bd4912188b,3
dress,B00APG4A32,C:\Users\selot\OneDrive\Documents\5SEM-CP\DL\Deep_Learning\CP\data\raw\fashioniq\dress\B00APG4A32.jpg,72dc71bda0606a9e7d8296bd4912188b,3
dress,B00AQCICS4,C:\Users\selot\OneDrive\Documents\5SEM-CP\DL\Deep_Learning\CP\data\raw\fashioniq\dress\B00AQCICS4.jpg,72dc71bda0606a9e7d8296bd4912188b,3
dress,B00BT8N1BC,C:\Users\selot\OneDrive\Documents\5SEM-CP\DL\Deep_Learning\CP\data\raw\fashioniq\dress\B00BT8N1BC.jpg,96f3f9e7fe3d59586e40e514dcf0a15f,3
dress,B00BT8N1D0,C:\Users\selot\OneDrive\Documents\5SEM-CP\DL\Deep_Learning\CP\data\raw\fashioniq\dress\B00BT8N1D0.jpg,96f3f9e7fe3d59586e40e514dcf0a15f,3
dress,B00BT919G0,C:\Users\selot\OneDrive\Documents\5SEM-CP\DL\Deep_Learning\CP\data\raw\fashioniq\dress\B00BT919G0.jpg,96f3f9e7fe3d59586e40e514dcf0a15f,3
dress,B009RV9EAA,C:\Users\selot\OneDrive\Documents\5SEM-CP\DL\Deep_Learning\CP\data\raw\fashioniq\dress\B009RV9EAA.jpg,a9696fc64d4ebc580838b4b6fd7ce22d,3
dress,B009RVDEMO,C:\Users\selot\OneDrive\Documents\5SEM-CP\DL\Deep_Learning\CP\data\raw\fashioniq\dress\B009RVDEMO.jpg,a9696fc64d4ebc580838b4b6fd7ce22d,3
dress,B00C40W020,C:\Users\selot\OneDrive\Documents\5SEM-CP\DL\Deep_Learning\CP\data\raw\fashioniq\dress\B00C40W020.jpg,a9696fc64d4ebc580838b4b6fd7ce22d,3
dress,B004ZF6T60,C:\Users\selot\OneDrive\Documents\5SEM-CP\DL\Deep_Learning\CP\data\raw\fashioniq\dress\B004ZF6T60.jpg,c070ef038aff934b384119da5d09ebf1,3
dress,B004ZF6TS8,C:\Users\selot\OneDrive\Documents\5SEM-CP\DL\Deep_Learning\CP\data\raw\fashioniq\dress\B004ZF6TS8.jpg,c070ef038aff934b384119da5d09ebf1,3
dress,B004ZF6TYC,C:\Users\selot\OneDrive\Documents\5SEM-CP\DL\Deep_Learning\CP\data\raw\fashioniq\dress\B004ZF6TYC.jpg,c070ef038aff934b384119da5d09ebf1,3
dress,B00AKTTYFI,C:\Users\selot\OneDrive\Documents\5SEM-CP\DL\Deep_Learning\CP\data\raw\fashioniq\dress\B00AKTTYFI.jpg,c15f2d998f3a38b1f5c508414cf904d5,3
dress,B00BQ7XLPM,C:\Users\selot\OneDrive\Documents\5SEM-CP\DL\Deep_Learning\CP\data\raw\fashioniq\dress\B00BQ7XLPM.jpg,c15f2d998f3a38b1f5c508414cf904d5,3
dress,B00CJ5O9K6,C:\Users\selot\OneDrive\Documents\5SEM-CP\DL\Deep_Learning\CP\data\raw\fashioniq\dress\B00CJ5O9K6.jpg,c15f2d998f3a38b1f5c508414cf904d5,3
dress,B00CBV4KQQ,C:\Users\selot\OneDrive\Documents\5SEM-CP\DL\Deep_Learning\CP\data\raw\fashioniq\dress\B00CBV4KQQ.jpg,f7b7d4c40ca723967492b31e4d41ca6c,3
dress,B00CY8KEBQ,C:\Users\selot\OneDrive\Documents\5SEM-CP\DL\Deep_Learning\CP\data\raw\fashioniq\dress\B00CY8KEBQ.jpg,f7b7d4c40ca723967492b31e4d41ca6c,3
dress,B00EZQGL1W,C:\Users\selot\OneDrive\Documents\5SEM-CP\DL\Deep_Learning\CP\data\raw\fashioniq\dress\B00EZQGL1W.jpg,f7b7d4c40ca723967492b31e4d41ca6c,3
dress,B002PEH0F2,C:\Users\selot\OneDrive\Documents\5SEM-CP\DL\Deep_Learning\CP\data\raw\fashioniq\dress\B002PEH0F2.jpg,fd478e7f9c4e93a79ec011d3ef3e2560,3
dress,B002PEXJJS,C:\Users\selot\OneDrive\Documents\5SEM-CP\DL\Deep_Learning\CP\data\raw\fashioniq\dress\B002PEXJJS.jpg,fd478e7f9c4e93a79ec011d3ef3e2560,3
dress,B002PEZMSY,C:\Users\selot\OneDrive\Documents\5SEM-CP\DL\Deep_Learning\CP\data\raw\fashioniq\dress\B002PEZMSY.jpg,fd478e7f9c4e93a79ec011d3ef3e2560,3
dress,B00AKTTX8G,C:\Users\selot\OneDrive\Documents\5SEM-CP\DL\Deep_Learning\CP\data\raw\fashioniq\dress\B00AKTTX8G.jpg,02fad00eb4baba1e60f727e697e36cd7,2
dress,B00ANKY5O4,C:\Users\selot\OneDrive\Documents\5SEM-CP\DL\Deep_Learning\CP\data\raw\fashioniq\dress\B00ANKY5O4.jpg,02fad00eb4baba1e60f727e697e36cd7,2
dress,B008BBCRIS,C:\Users\selot\OneDrive\Documents\5SEM-CP\DL\Deep_Learning\CP\data\raw\fashioniq\dress\B008BBCRIS.jpg,0481a25531d008222e2b5187e814deda,2
dress,B008BBCV84,C:\Users\selot\OneDrive\Documents\5SEM-CP\DL\Deep_Learning\CP\data\raw\fashioniq\dress\B008BBCV84.jpg,0481a25531d008222e2b5187e814deda,2
dress,B00C4OMRUQ,C:\Users\selot\OneDrive\Documents\5SEM-CP\DL\Deep_Learning\CP\data\raw\fashioniq\dress\B00C4OMRUQ.jpg,0806441bc6a23f922948c52bf8e022ab,2
dress,B00C4OMS00,C:\Users\selot\OneDrive\Documents\5SEM-CP\DL\Deep_Learning\CP\data\raw\fashioniq\dress\B00C4OMS00.jpg,0806441bc6a23f922948c52bf8e022ab,2
dress,B00FKV0F8Q,C:\Users\selot\OneDrive\Documents\5SEM-CP\DL\Deep_Learning\CP\data\raw\fashioniq\dress\B00FKV0F8Q.jpg,111e9191f6fdfe51682d26b79bb41469,2
dress,B00FKV0FW2,C:\Users\selot\OneDrive\Documents\5SEM-CP\DL\Deep_Learning\CP\data\raw\fashioniq\dress\B00FKV0FW2.jpg,111e9191f6fdfe51682d26b79bb41469,2
dress,B007ZDIXU4,C:\Users\selot\OneDrive\Documents\5SEM-CP\DL\Deep_Learning\CP\data\raw\fashioniq\dress\B007ZDIXU4.jpg,168e84e7e44112532c5d14652a57d395,2
dress,B0080QPYHU,C:\Users\selot\OneDrive\Documents\5SEM-CP\DL\Deep_Learning\CP\data\raw\fashioniq\dress\B0080QPYHU.jpg,168e84e7e44112532c5d14652a57d395,2
dress,B00A3UTF58,C:\Users\selot\OneDrive\Documents\5SEM-CP\DL\Deep_Learning\CP\data\raw\fashioniq\dress\B00A3UTF58.jpg,19b4717a1323c51951aa5fdd67c911ce,2
dress,B00A3UTL20,C:\Users\selot\OneDrive\Documents\5SEM-CP\DL\Deep_Learning\CP\data\raw\fashioniq\dress\B00A3UTL20.jpg,19b4717a1323c51951aa5fdd67c911ce,2
dress,B007ZYSBKU,C:\Users\selot\OneDrive\Documents\5SEM-CP\DL\Deep_Learning\CP\data\raw\fashioniq\dress\B007ZYSBKU.jpg,1d26e2658b828af82e6e24788b35b3bb,2
dress,B007ZYSFQU,C:\Users\selot\OneDrive\Documents\5SEM-CP\DL\Deep_Learning\CP\data\raw\fashioniq\dress\B007ZYSFQU.jpg,1d26e2658b828af82e6e24788b35b3bb,2
dress,B007CVURMQ,C:\Users\selot\OneDrive\Documents\5SEM-CP\DL\Deep_Learning\CP\data\raw\fashioniq\dress\B007CVURMQ.jpg,1de73365f939e2b135d495bcb02d1d5b,2
dress,B007CVUSH0,C:\Users\selot\OneDrive\Documents\5SEM-CP\DL\Deep_Learning\CP\data\raw\fashioniq\dress\B007CVUSH0.jpg,1de73365f939e2b135d495bcb02d1d5b,2
dress,B008YR066O,C:\Users\selot\OneDrive\Documents\5SEM-CP\DL\Deep_Learning\CP\data\raw\fashioniq\dress\B008YR066O.jpg,1e875bb6bad93d41a59ad14528cf23d3,2
dress,B008YR07D6,C:\Users\selot\OneDrive\Documents\5SEM-CP\DL\Deep_Learning\CP\data\raw\fashioniq\dress\B008YR07D6.jpg,1e875bb6bad93d41a59ad14528cf23d3,2
dress,B005TEO7V0,C:\Users\selot\OneDrive\Documents\5SEM-CP\DL\Deep_Learning\CP\data\raw\fashioniq\dress\B005TEO7V0.jpg,278853a8338a06e87af6d355806a2123,2
dress,B007M4KYK8,C:\Users\selot\OneDrive\Documents\5SEM-CP\DL\Deep_Learning\CP\data\raw\fashioniq\dress\B007M4KYK8.jpg,278853a8338a06e87af6d355806a2123,2
dress,B00B0E2BK2,C:\Users\selot\OneDrive\Documents\5SEM-CP\DL\Deep_Learning\CP\data\raw\fashioniq\dress\B00B0E2BK2.jpg,2f1ed9ef85c21ea811468661d1aa70e6,2
dress,B00B0E2Y8G,C:\Users\selot\OneDrive\Documents\5SEM-CP\DL\Deep_Learning\CP\data\raw\fashioniq\dress\B00B0E2Y8G.jpg,2f1ed9ef85c21ea811468661d1aa70e6,2
dress,B00A3UT82I,C:\Users\selot\OneDrive\Documents\5SEM-CP\DL\Deep_Learning\CP\data\raw\fashioniq\dress\B00A3UT82I.jpg,306fec97b99ffda82a576c21f88615e2,2
dress,B00A3UTD5U,C:\Users\selot\OneDrive\Documents\5SEM-CP\DL\Deep_Learning\CP\data\raw\fashioniq\dress\B00A3UTD5U.jpg,306fec97b99ffda82a576c21f88615e2,2
dress,B00EEQOEXU,C:\Users\selot\OneDrive\Documents\5SEM-CP\DL\Deep_Learning\CP\data\raw\fashioniq\dress\B00EEQOEXU.jpg,3babf685582bbbbc8b4791cad3420ea1,2
dress,B00EEQOF2A,C:\Users\selot\OneDrive\Documents\5SEM-CP\DL\Deep_Learning\CP\data\raw\fashioniq\dress\B00EEQOF2A.jpg,3babf685582bbbbc8b4791cad3420ea1,2
dress,B00792IPOA,C:\Users\selot\OneDrive\Documents\5SEM-CP\DL\Deep_Learning\CP\data\raw\fashioniq\dress\B00792IPOA.jpg,4a10587c250541192887810390fcf983,2
dress,B00792JNQO,C:\Users\selot\OneDrive\Documents\5SEM-CP\DL\Deep_Learning\CP\data\raw\fashioniq\dress\B00792JNQO.jpg,4a10587c250541192887810390fcf983,2
dress,B00A3UTGMK,C:\Users\selot\OneDrive\Documents\5SEM-CP\DL\Deep_Learning\CP\data\raw\fashioniq\dress\B00A3UTGMK.jpg,4b7c701d7eaa75ae3965b3c9dcf278fa,2
dress,B00A3UTOTU,C:\Users\selot\OneDrive\Documents\5SEM-CP\DL\Deep_Learning\CP\data\raw\fashioniq\dress\B00A3UTOTU.jpg,4b7c701d7eaa75ae3965b3c9dcf278fa,2
dress,B007WFFGZU,C:\Users\selot\OneDrive\Documents\5SEM-CP\DL\Deep_Learning\CP\data\raw\fashioniq\dress\B007WFFGZU.jpg,51f0c588f56fb0505499afee21e1b498,2
dress,B00C5TLSXC,C:\Users\selot\OneDrive\Documents\5SEM-CP\DL\Deep_Learning\CP\data\raw\fashioniq\dress\B00C5TLSXC.jpg,51f0c588f56fb0505499afee21e1b498,2
dress,B00APSRI0M,C:\Users\selot\OneDrive\Documents\5SEM-CP\DL\Deep_Learning\CP\data\raw\fashioniq\dress\B00APSRI0M.jpg,543a825eb7c0639de071ea02516f0ba8,2
dress,B00AYCL55S,C:\Users\selot\OneDrive\Documents\5SEM-CP\DL\Deep_Learning\CP\data\raw\fashioniq\dress\B00AYCL55S.jpg,543a825eb7c0639de071ea02516f0ba8,2
dress,B00CTRSDJC,C:\Users\selot\OneDrive\Documents\5SEM-CP\DL\Deep_Learning\CP\data\raw\fashioniq\dress\B00CTRSDJC.jpg,5ac57070f89d3829489e9d430c13e7fe,2
dress,B00FFBEY88,C:\Users\selot\OneDrive\Documents\5SEM-CP\DL\Deep_Learning\CP\data\raw\fashioniq\dress\B00FFBEY88.jpg,5ac57070f89d3829489e9d430c13e7fe,2
dress,B005GQPE5E,C:\Users\selot\OneDrive\Documents\5SEM-CP\DL\Deep_Learning\CP\data\raw\fashioniq\dress\B005GQPE5E.jpg,5b480acef7c4ee0db76123c227b06023,2
dress,B005GQPE5Y,C:\Users\selot\OneDrive\Documents\5SEM-CP\DL\Deep_Learning\CP\data\raw\fashioniq\dress\B005GQPE5Y.jpg,5b480acef7c4ee0db76123c227b06023,2
dress,B00BJGNAIS,C:\Users\selot\OneDrive\Documents\5SEM-CP\DL\Deep_Learning\CP\data\raw\fashioniq\dress\B00BJGNAIS.jpg,61f36816dd36c0dee246815b125469ba,2
dress,B00E9R4BQ4,C:\Users\selot\OneDrive\Documents\5SEM-CP\DL\Deep_Learning\CP\data\raw\fashioniq\dress\B00E9R4BQ4.jpg,61f36816dd36c0dee246815b125469ba,2
dress,B00BFAWNP4,C:\Users\selot\OneDrive\Documents\5SEM-CP\DL\Deep_Learning\CP\data\raw\fashioniq\dress\B00BFAWNP4.jpg,6200df6890aad15f57067634be6c14af,2
dress,B00BRBCKW2,C:\Users\selot\OneDrive\Documents\5SEM-CP\DL\Deep_Learning\CP\data\raw\fashioniq\dress\B00BRBCKW2.jpg,6200df6890aad15f57067634be6c14af,2
dress,B00BNV78ZK,C:\Users\selot\OneDrive\Documents\5SEM-CP\DL\Deep_Learning\CP\data\raw\fashioniq\dress\B00BNV78ZK.jpg,643266a13c339319c42bd371b83369ff,2
dress,B00CGJZJ22,C:\Users\selot\OneDrive\Documents\5SEM-CP\DL\Deep_Learning\CP\data\raw\fashioniq\dress\B00CGJZJ22.jpg,643266a13c339319c42bd371b83369ff,2
dress,B004HWWJZ6,C:\Users\selot\OneDrive\Documents\5SEM-CP\DL\Deep_Learning\CP\data\raw\fashioniq\dress\B004HWWJZ6.jpg,6897f5a26cffeb53ba34e57d1c1466dc,2
dress,B004HWYHVA,C:\Users\selot\OneDrive\Documents\5SEM-CP\DL\Deep_Learning\CP\data\raw\fashioniq\dress\B004HWYHVA.jpg,6897f5a26cffeb53ba34e57d1c1466dc,2
dress,B005X5RPA0,C:\Users\selot\OneDrive\Documents\5SEM-CP\DL\Deep_Learning\CP\data\raw\fashioniq\dress\B005X5RPA0.jpg,6b8adc71ac333a223fed9f411696dc02,2
dress,B005X6OV0G,C:\Users\selot\OneDrive\Documents\5SEM-CP\DL\Deep_Learning\CP\data\raw\fashioniq\dress\B005X6OV0G.jpg,6b8adc71ac333a223fed9f411696dc02,2
dress,B00BYN092Q,C:\Users\selot\OneDrive\Documents\5SEM-CP\DL\Deep_Learning\CP\data\raw\fashioniq\dress\B00BYN092Q.jpg,6d728277199c41c24a97288c45d23d54,2
dress,B00DOX4HOA,C:\Users\selot\OneDrive\Documents\5SEM-CP\DL\Deep_Learning\CP\data\raw\fashioniq\dress\B00DOX4HOA.jpg,6d728277199c41c24a97288c45d23d54,2
dress,B00AZYXPDA,C:\Users\selot\OneDrive\Documents\5SEM-CP\DL\Deep_Learning\CP\data\raw\fashioniq\dress\B00AZYXPDA.jpg,71e7b0fab4ed5832890cbf2aa8e243e4,2
dress,B00AZYXWA6,C:\Users\selot\OneDrive\Documents\5SEM-CP\DL\Deep_Learning\CP\data\raw\fashioniq\dress\B00AZYXWA6.jpg,71e7b0fab4ed5832890cbf2aa8e243e4,2
dress,B009GGWYO4,C:\Users\selot\OneDrive\Documents\5SEM-CP\DL\Deep_Learning\CP\data\raw\fashioniq\dress\B009GGWYO4.jpg,72fe76e91bb1c862c84f0e550c2940c4,2
dress,B009GGWZHA,C:\Users\selot\OneDrive\Documents\5SEM-CP\DL\Deep_Learning\CP\data\raw\fashioniq\dress\B009GGWZHA.jpg,72fe76e91bb1c862c84f0e550c2940c4,2
dress,B0080E699O,C:\Users\selot\OneDrive\Documents\5SEM-CP\DL\Deep_Learning\CP\data\raw\fashioniq\dress\B0080E699O.jpg,73058df8b31bbb5dd9ec4a79aa6d0738,2
dress,B00EZK65TQ,C:\Users\selot\OneDrive\Documents\5SEM-CP\DL\Deep_Learning\CP\data\raw\fashioniq\dress\B00EZK65TQ.jpg,73058df8b31bbb5dd9ec4a79aa6d0738,2
dress,B0087CI62W,C:\Users\selot\OneDrive\Documents\5SEM-CP\DL\Deep_Learning\CP\data\raw\fashioniq\dress\B0087CI62W.jpg,77ea3e7b2091735e03b17e0fec91905b,2
dress,B008I27TGU,C:\Users\selot\OneDrive\Documents\5SEM-CP\DL\Deep_Learning\CP\data\raw\fashioniq\dress\B008I27TGU.jpg,77ea3e7b2091735e03b17e0fec91905b,2
dress,B00D8RZKP2,C:\Users\selot\OneDrive\Documents\5SEM-CP\DL\Deep_Learning\CP\data\raw\fashioniq\dress\B00D8RZKP2.jpg,80c71b1852120b06f64dc7138975c684,2
dress,B00D8RZKTS,C:\Users\selot\OneDrive\Documents\5SEM-CP\DL\Deep_Learning\CP\data\raw\fashioniq\dress\B00D8RZKTS.jpg,80c71b1852120b06f64dc7138975c684,2
dress,B00C40T5DC,C:\Users\selot\OneDrive\Documents\5SEM-CP\DL\Deep_Learning\CP\data\raw\fashioniq\dress\B00C40T5DC.jpg,8571971346edcd1d5a72434cffe1eaa4,2
dress,B00DURZ7BW,C:\Users\selot\OneDrive\Documents\5SEM-CP\DL\Deep_Learning\CP\data\raw\fashioniq\dress\B00DURZ7BW.jpg,8571971346edcd1d5a72434cffe1eaa4,2
dress,B00D860T5O,C:\Users\selot\OneDrive\Documents\5SEM-CP\DL\Deep_Learning\CP\data\raw\fashioniq\dress\B00D860T5O.jpg,892181d8f176ca3c3bbb92609443baf6,2
dress,B00FHVHTF6,C:\Users\selot\OneDrive\Documents\5SEM-CP\DL\Deep_Learning\CP\data\raw\fashioniq\dress\B00FHVHTF6.jpg,892181d8f176ca3c3bbb92609443baf6,2
dress,B007WAU1FU,C:\Users\selot\OneDrive\Documents\5SEM-CP\DL\Deep_Learning\CP\data\raw\fashioniq\dress\B007WAU1FU.jpg,8a4de43149ef1968bf9d8149ac1002c5,2
dress,B008P7ZH1M,C:\Users\selot\OneDrive\Documents\5SEM-CP\DL\Deep_Learning\CP\data\raw\fashioniq\dress\B008P7ZH1M.jpg,8a4de43149ef1968bf9d8149ac1002c5,2
dress,B008YQXFBI,C:\Users\selot\OneDrive\Documents\5SEM-CP\DL\Deep_Learning\CP\data\raw\fashioniq\dress\B008YQXFBI.jpg,8c6c0099e6f0a425981e967f5fc3a790,2
dress,B008YQXJFU,C:\Users\selot\OneDrive\Documents\5SEM-CP\DL\Deep_Learning\CP\data\raw\fashioniq\dress\B008YQXJFU.jpg,8c6c0099e6f0a425981e967f5fc3a790,2
dress,B00DBMI3OY,C:\Users\selot\OneDrive\Documents\5SEM-CP\DL\Deep_Learning\CP\data\raw\fashioniq\dress\B00DBMI3OY.jpg,908f40887120089b122338bdbb16896a,2
dress,B00DBMI43O,C:\Users\selot\OneDrive\Documents\5SEM-CP\DL\Deep_Learning\CP\data\raw\fashioniq\dress\B00DBMI43O.jpg,908f40887120089b122338bdbb16896a,2
dress,B009ESAI4M,C:\Users\selot\OneDrive\Documents\5SEM-CP\DL\Deep_Learning\CP\data\raw\fashioniq\dress\B009ESAI4M.jpg,93de55f5296622cad44f1ff897fa8ede,2
dress,B009ESAKHC,C:\Users\selot\OneDrive\Documents\5SEM-CP\DL\Deep_Learning\CP\data\raw\fashioniq\dress\B009ESAKHC.jpg,93de55f5296622cad44f1ff897fa8ede,2
dress,B00FCEF00O,C:\Users\selot\OneDrive\Documents\5SEM-CP\DL\Deep_Learning\CP\data\raw\fashioniq\dress\B00FCEF00O.jpg,94683b6187760610db1e4a40a3f9141b,2
dress,B00FQPJWRG,C:\Users\selot\OneDrive\Documents\5SEM-CP\DL\Deep_Learning\CP\data\raw\fashioniq\dress\B00FQPJWRG.jpg,94683b6187760610db1e4a40a3f9141b,2
dress,B00DLWNPWY,C:\Users\selot\OneDrive\Documents\5SEM-CP\DL\Deep_Learning\CP\data\raw\fashioniq\dress\B00DLWNPWY.jpg,a644ff45561e0c1bbba4b98cfe455cb8,2
dress,B00DLWNQXC,C:\Users\selot\OneDrive\Documents\5SEM-CP\DL\Deep_Learning\CP\data\raw\fashioniq\dress\B00DLWNQXC.jpg,a644ff45561e0c1bbba4b98cfe455cb8,2
dress,B00CTLHJFM,C:\Users\selot\OneDrive\Documents\5SEM-CP\DL\Deep_Learning\CP\data\raw\fashioniq\dress\B00CTLHJFM.jpg,a7520880ab6510a40c5c404f216cf081,2
dress,B00EWKABB2,C:\Users\selot\OneDrive\Documents\5SEM-CP\DL\Deep_Learning\CP\data\raw\fashioniq\dress\B00EWKABB2.jpg,a7520880ab6510a40c5c404f216cf081,2
dress,B00ALT38KE,C:\Users\selot\OneDrive\Documents\5SEM-CP\DL\Deep_Learning\CP\data\raw\fashioniq\dress\B00ALT38KE.jpg,b2a31a5b27fc8bcd490ee1a78abd52a7,2
dress,B00BNV7904,C:\Users\selot\OneDrive\Documents\5SEM-CP\DL\Deep_Learning\CP\data\raw\fashioniq\dress\B00BNV7904.jpg,b2a31a5b27fc8bcd490ee1a78abd52a7,2
dress,B00AEMHLLA,C:\Users\selot\OneDrive\Documents\5SEM-CP\DL\Deep_Learning\CP\data\raw\fashioniq\dress\B00AEMHLLA.jpg,be5d99892b13d7f927885acfa9ff8262,2
dress,B00AEMHMMS,C:\Users\selot\OneDrive\Documents\5SEM-CP\DL\Deep_Learning\CP\data\raw\fashioniq\dress\B00AEMHMMS.jpg,be5d99892b13d7f927885acfa9ff8262,2
dress,B0060OT3E4,C:\Users\selot\OneDrive\Documents\5SEM-CP\DL\Deep_Learning\CP\data\raw\fashioniq\dress\B0060OT3E4.jpg,c605bbf07b3fd0a26ad10713bc790323,2
dress,B00BP407TO,C:\Users\selot\OneDrive\Documents\5SEM-CP\DL\Deep_Learning\CP\data\raw\fashioniq\dress\B00BP407TO.jpg,c605bbf07b3fd0a26ad10713bc790323,2
dress,B00AKO80D0,C:\Users\selot\OneDrive\Documents\5SEM-CP\DL\Deep_Learning\CP\data\raw\fashioniq\dress\B00AKO80D0.jpg,c70dfa1e9e58c66edcbabc9c12ec4e1a,2
dress,B00C40YH8U,C:\Users\selot\OneDrive\Documents\5SEM-CP\DL\Deep_Learning\CP\data\raw\fashioniq\dress\B00C40YH8U.jpg,c70dfa1e9e58c66edcbabc9c12ec4e1a,2
dress,B00C97HZWI,C:\Users\selot\OneDrive\Documents\5SEM-CP\DL\Deep_Learning\CP\data\raw\fashioniq\dress\B00C97HZWI.jpg,caebef4263dba99922f2073eab317d42,2
dress,B00EF0XQAW,C:\Users\selot\OneDrive\Documents\5SEM-CP\DL\Deep_Learning\CP\data\raw\fashioniq\dress\B00EF0XQAW.jpg,caebef4263dba99922f2073eab317d42,2
dress,B009FENAMC,C:\Users\selot\OneDrive\Documents\5SEM-CP\DL\Deep_Learning\CP\data\raw\fashioniq\dress\B009FENAMC.jpg,cba1c1cc33b39cd5d962519f449635c0,2
dress,B00BX8SUZU,C:\Users\selot\OneDrive\Documents\5SEM-CP\DL\Deep_Learning\CP\data\raw\fashioniq\dress\B00BX8SUZU.jpg,cba1c1cc33b39cd5d962519f449635c0,2
dress,B00BJFE0GK,C:\Users\selot\OneDrive\Documents\5SEM-CP\DL\Deep_Learning\CP\data\raw\fashioniq\dress\B00BJFE0GK.jpg,cdd29d6329d9dc3c1529ed7090eed590,2
dress,B00BMO2F8S,C:\Users\selot\OneDrive\Documents\5SEM-CP\DL\Deep_Learning\CP\data\raw\fashioniq\dress\B00BMO2F8S.jpg,cdd29d6329d9dc3c1529ed7090eed590,2
dress,B00CAKLMS2,C:\Users\selot\OneDrive\Documents\5SEM-CP\DL\Deep_Learning\CP\data\raw\fashioniq\dress\B00CAKLMS2.jpg,ce1f88f31b4dbb7a568876840df34d6c,2
dress,B00CFXUOS8,C:\Users\selot\OneDrive\Documents\5SEM-CP\DL\Deep_Learning\CP\data\raw\fashioniq\dress\B00CFXUOS8.jpg,ce1f88f31b4dbb7a568876840df34d6c,2
dress,B0091GQTNQ,C:\Users\selot\OneDrive\Documents\5SEM-CP\DL\Deep_Learning\CP\data\raw\fashioniq\dress\B0091GQTNQ.jpg,d04d910388dd369f4bfbc14f6b9e4dcd,2
dress,B0091GQV3E,C:\Users\selot\OneDrive\Documents\5SEM-CP\DL\Deep_Learning\CP\data\raw\fashioniq\dress\B0091GQV3E.jpg,d04d910388dd369f4bfbc14f6b9e4dcd,2
dress,B00A3HL086,C:\Users\selot\OneDrive\Documents\5SEM-CP\DL\Deep_Learning\CP\data\raw\fashioniq\dress\B00A3HL086.jpg,d4f3a43ddad266b8393870252ecff772,2
dress,B00A3HL0O0,C:\Users\selot\OneDrive\Documents\5SEM-CP\DL\Deep_Learning\CP\data\raw\fashioniq\dress\B00A3HL0O0.jpg,d4f3a43ddad266b8393870252ecff772,2
dress,B00AKO82FQ,C:\Users\selot\OneDrive\Documents\5SEM-CP\DL\Deep_Learning\CP\data\raw\fashioniq\dress\B00AKO82FQ.jpg,db0832689e73eae4efd6f9558a79faa5,2
dress,B00AKOUZPQ,C:\Users\selot\OneDrive\Documents\5SEM-CP\DL\Deep_Learning\CP\data\raw\fashioniq\dress\B00AKOUZPQ.jpg,db0832689e73eae4efd6f9558a79faa5,2
dress,B00CI0D606,C:\Users\selot\OneDrive\Documents\5SEM-CP\DL\Deep_Learning\CP\data\raw\fashioniq\dress\B00CI0D606.jpg,e361e0950f55ff2321eae966413385b4,2
dress,B00E96PV5U,C:\Users\selot\OneDrive\Documents\5SEM-CP\DL\Deep_Learning\CP\data\raw\fashioniq\dress\B00E96PV5U.jpg,e361e0950f55ff2321eae966413385b4,2
dress,B0019KO8EE,C:\Users\selot\OneDrive\Documents\5SEM-CP\DL\Deep_Learning\CP\data\raw\fashioniq\dress\B0019KO8EE.jpg,f1aa0d326088017244e9f56d05b06f31,2
dress,B002H0LDTI,C:\Users\selot\OneDrive\Documents\5SEM-CP\DL\Deep_Learning\CP\data\raw\fashioniq\dress\B002H0LDTI.jpg,f1aa0d326088017244e9f56d05b06f31,2
dress,B004150Y7E,C:\Users\selot\OneDrive\Documents\5SEM-CP\DL\Deep_Learning\CP\data\raw\fashioniq\dress\B004150Y7E.jpg,f3aaa4845792fc5654fc0754383511a0,2
dress,B006WOFU6W,C:\Users\selot\OneDrive\Documents\5SEM-CP\DL\Deep_Learning\CP\data\raw\fashioniq\dress\B006WOFU6W.jpg,f3aaa4845792fc5654fc0754383511a0,2
dress,B00DOLD2M0,C:\Users\selot\OneDrive\Documents\5SEM-CP\DL\Deep_Learning\CP\data\raw\fashioniq\dress\B00DOLD2M0.jpg,f9c9b56a15c0f3033aa7cb9c5c7eae6c,2
dress,B00DOLD2PC,C:\Users\selot\OneDrive\Documents\5SEM-CP\DL\Deep_Learning\CP\data\raw\fashioniq\dress\B00DOLD2PC.jpg,f9c9b56a15c0f3033aa7cb9c5c7eae6c,2
dress,B009NBPFJ8,C:\Users\selot\OneDrive\Documents\5SEM-CP\DL\Deep_Learning\CP\data\raw\fashioniq\dress\B009NBPFJ8.jpg,fadcadf91c9e66bb41967c51ed19d37a,2
dress,B009VDSJLY,C:\Users\selot\OneDrive\Documents\5SEM-CP\DL\Deep_Learning\CP\data\raw\fashioniq\dress\B009VDSJLY.jpg,fadcadf91c9e66bb41967c51ed19d37a,2
dress,B00DR7EKR2,C:\Users\selot\OneDrive\Documents\5SEM-CP\DL\Deep_Learning\CP\data\raw\fashioniq\dress\B00DR7EKR2.jpg,fe49a6f0b618ed9cb3cedd7cf4c599c7,2
dress,B00DR7EKRW,C:\Users\selot\OneDrive\Documents\5SEM-CP\DL\Deep_Learning\CP\data\raw\fashioniq\dress\B00DR7EKRW.jpg,fe49a6f0b618ed9cb3cedd7cf4c599c7,2
shirt,B009ZH9LQI,C:\Users\selot\OneDrive\Documents\5SEM-CP\DL\Deep_Learning\CP\data\raw\fashioniq\shirt\B009ZH9LQI.jpg,3a0702afabd85a8a7e91eb1a3620bec0,4
shirt,B009ZH9M80,C:\Users\selot\OneDrive\Documents\5SEM-CP\DL\Deep_Learning\CP\data\raw\fashioniq\shirt\B009ZH9M80.jpg,3a0702afabd85a8a7e91eb1a3620bec0,4
shirt,B009ZH9NGG,C:\Users\selot\OneDrive\Documents\5SEM-CP\DL\Deep_Learning\CP\data\raw\fashioniq\shirt\B009ZH9NGG.jpg,3a0702afabd85a8a7e91eb1a3620bec0,4
shirt,B009ZH9O24,C:\Users\selot\OneDrive\Documents\5SEM-CP\DL\Deep_Learning\CP\data\raw\fashioniq\shirt\B009ZH9O24.jpg,3a0702afabd85a8a7e91eb1a3620bec0,4
shirt,B0013FI8MI,C:\Users\selot\OneDrive\Documents\5SEM-CP\DL\Deep_Learning\CP\data\raw\fashioniq\shirt\B0013FI8MI.jpg,5240a606f700043c3c87877d5e46a407,4
shirt,B0013FJW64,C:\Users\selot\OneDrive\Documents\5SEM-CP\DL\Deep_Learning\CP\data\raw\fashioniq\shirt\B0013FJW64.jpg,5240a606f700043c3c87877d5e46a407,4
shirt,B0013FLPDM,C:\Users\selot\OneDrive\Documents\5SEM-CP\DL\Deep_Learning\CP\data\raw\fashioniq\shirt\B0013FLPDM.jpg,5240a606f700043c3c87877d5e46a407,4
shirt,B0013FPI9E,C:\Users\selot\OneDrive\Documents\5SEM-CP\DL\Deep_Learning\CP\data\raw\fashioniq\shirt\B0013FPI9E.jpg,5240a606f700043c3c87877d5e46a407,4
shirt,B009H4RSQ4,C:\Users\selot\OneDrive\Documents\5SEM-CP\DL\Deep_Learning\CP\data\raw\fashioniq\shirt\B009H4RSQ4.jpg,542e3c02b538fab49404b488b0a35eff,4
shirt,B009H4RTT0,C:\Users\selot\OneDrive\Documents\5SEM-CP\DL\Deep_Learning\CP\data\raw\fashioniq\shirt\B009H4RTT0.jpg,542e3c02b538fab49404b488b0a35eff,4
shirt,B009H4RV6Q,C:\Users\selot\OneDrive\Documents\5SEM-CP\DL\Deep_Learning\CP\data\raw\fashioniq\shirt\B009H4RV6Q.jpg,542e3c02b538fab49404b488b0a35eff,4
shirt,B009H4RWRE,C:\Users\selot\OneDrive\Documents\5SEM-CP\DL\Deep_Learning\CP\data\raw\fashioniq\shirt\B009H4RWRE.jpg,542e3c02b538fab49404b488b0a35eff,4
shirt,B0060A20XY,C:\Users\selot\OneDrive\Documents\5SEM-CP\DL\Deep_Learning\CP\data\raw\fashioniq\shirt\B0060A20XY.jpg,7a72550484f0ca52ac7ee941a3968c0b,4
shirt,B0060A20ZC,C:\Users\selot\OneDrive\Documents\5SEM-CP\DL\Deep_Learning\CP\data\raw\fashioniq\shirt\B0060A20ZC.jpg,7a72550484f0ca52ac7ee941a3968c0b,4
shirt,B0060A217Y,C:\Users\selot\OneDrive\Documents\5SEM-CP\DL\Deep_Learning\CP\data\raw\fashioniq\shirt\B0060A217Y.jpg,7a72550484f0ca52ac7ee941a3968c0b,4
shirt,B0060A21FQ,C:\Users\selot\OneDrive\Documents\5SEM-CP\DL\Deep_Learning\CP\data\raw\fashioniq\shirt\B0060A21FQ.jpg,7a72550484f0ca52ac7ee941a3968c0b,4
shirt,B000YVGOA0,C:\Users\selot\OneDrive\Documents\5SEM-CP\DL\Deep_Learning\CP\data\raw\fashioniq\shirt\B000YVGOA0.jpg,ae785dd71ba61409edcf289a853e7a73,4
shirt,B003F1XJJK,C:\Users\selot\OneDrive\Documents\5SEM-CP\DL\Deep_Learning\CP\data\raw\fashioniq\shirt\B003F1XJJK.jpg,ae785dd71ba61409edcf289a853e7a73,4
shirt,B003F1Z6H8,C:\Users\selot\OneDrive\Documents\5SEM-CP\DL\Deep_Learning\CP\data\raw\fashioniq\shirt\B003F1Z6H8.jpg,ae785dd71ba61409edcf289a853e7a73,4
shirt,B003Y3ZM6C,C:\Users\selot\OneDrive\Documents\5SEM-CP\DL\Deep_Learning\CP\data\raw\fashioniq\shirt\B003Y3ZM6C.jpg,ae785dd71ba61409edcf289a853e7a73,4
shirt,B00BHASDRE,C:\Users\selot\OneDrive\Documents\5SEM-CP\DL\Deep_Learning\CP\data\raw\fashioniq\shirt\B00BHASDRE.jpg,b0f149e5319045d99599e4c140ad4189,4
shirt,B00BHASDX8,C:\Users\selot\OneDrive\Documents\5SEM-CP\DL\Deep_Learning\CP\data\raw\fashioniq\shirt\B00BHASDX8.jpg,b0f149e5319045d99599e4c140ad4189,4
shirt,B00BHASE5A,C:\Users\selot\OneDrive\Documents\5SEM-CP\DL\Deep_Learning\CP\data\raw\fashioniq\shirt\B00BHASE5A.jpg,b0f149e5319045d99599e4c140ad4189,4
shirt,B00BHASECS,C:\Users\selot\OneDrive\Documents\5SEM-CP\DL\Deep_Learning\CP\data\raw\fashioniq\shirt\B00BHASECS.jpg,b0f149e5319045d99599e4c140ad4189,4
shirt,B00BV2Q5GO,C:\Users\selot\OneDrive\Documents\5SEM-CP\DL\Deep_Learning\CP\data\raw\fashioniq\shirt\B00BV2Q5GO.jpg,25fdca16010995c0fc775b547c5f9316,3
shirt,B00BV2Q61S,C:\Users\selot\OneDrive\Documents\5SEM-CP\DL\Deep_Learning\CP\data\raw\fashioniq\shirt\B00BV2Q61S.jpg,25fdca16010995c0fc775b547c5f9316,3
shirt,B00BV2Q6N6,C:\Users\selot\OneDrive\Documents\5SEM-CP\DL\Deep_Learning\CP\data\raw\fashioniq\shirt\B00BV2Q6N6.jpg,25fdca16010995c0fc775b547c5f9316,3
shirt,B00641RU0W,C:\Users\selot\OneDrive\Documents\5SEM-CP\DL\Deep_Learning\CP\data\raw\fashioniq\shirt\B00641RU0W.jpg,82313ef14e55a0115befc07a89f55be6,3
shirt,B00641RU1Q,C:\Users\selot\OneDrive\Documents\5SEM-CP\DL\Deep_Learning\CP\data\raw\fashioniq\shirt\B00641RU1Q.jpg,82313ef14e55a0115befc07a89f55be6,3
shirt,B00641RU5C,C:\Users\selot\OneDrive\Documents\5SEM-CP\DL\Deep_Learning\CP\data\raw\fashioniq\shirt\B00641RU5C.jpg,82313ef14e55a0115befc07a89f55be6,3
shirt,B009L35TN0,C:\Users\selot\OneDrive\Documents\5SEM-CP\DL\Deep_Learning\CP\data\raw\fashioniq\shirt\B009L35TN0.jpg,842ccf4d430eadbd2b30aa07c985f4b2,3
shirt,B009L35UCK,C:\Users\selot\OneDrive\Documents\5SEM-CP\DL\Deep_Learning\CP\data\raw\fashioniq\shirt\B009L35UCK.jpg,842ccf4d430eadbd2b30aa07c985f4b2,3
shirt,B009L35V4C,C:\Users\selot\OneDrive\Documents\5SEM-CP\DL\Deep_Learning\CP\data\raw\fashioniq\shirt\B009L35V4C.jpg,842ccf4d430eadbd2b30aa07c985f4b2,3
shirt,B00E40LTO8,C:\Users\selot\OneDrive\Documents\5SEM-CP\DL\Deep_Learning\CP\data\raw\fashioniq\shirt\B00E40LTO8.jpg,8f8a26ad7117da9548c82873714ea697,3
shirt,B00E40LV7I,C:\Users\selot\OneDrive\Documents\5SEM-CP\DL\Deep_Learning\CP\data\raw\fashioniq\shirt\B00E40LV7I.jpg,8f8a26ad7117da9548c82873714ea697,3
shirt,B00E40LXUI,C:\Users\selot\OneDrive\Documents\5SEM-CP\DL\Deep_Learning\CP\data\raw\fashioniq\shirt\B00E40LXUI.jpg,8f8a26ad7117da9548c82873714ea697,3
shirt,B00BV2SLIE,C:\Users\selot\OneDrive\Documents\5SEM-CP\DL\Deep_Learning\CP\data\raw\fashioniq\shirt\B00BV2SLIE.jpg,9347f1577a6acb483809123aac092723,3
shirt,B00BV2SM74,C:\Users\selot\OneDrive\Documents\5SEM-CP\DL\Deep_Learning\CP\data\raw\fashioniq\shirt\B00BV2SM74.jpg,9347f1577a6acb483809123aac092723,3
shirt,B00BV2SMYW,C:\Users\selot\OneDrive\Documents\5SEM-CP\DL\Deep_Learning\CP\data\raw\fashioniq\shirt\B00BV2SMYW.jpg,9347f1577a6acb483809123aac092723,3
shirt,B00BV2Q9B0,C:\Users\selot\OneDrive\Documents\5SEM-CP\DL\Deep_Learning\CP\data\raw\fashioniq\shirt\B00BV2Q9B0.jpg,94fe96cedeb0d672cf6c6b4a21f4162d,3
shirt,B00BV2QB0E,C:\Users\selot\OneDrive\Documents\5SEM-CP\DL\Deep_Learning\CP\data\raw\fashioniq\shirt\B00BV2QB0E.jpg,94fe96cedeb0d672cf6c6b4a21f4162d,3
shirt,B00BV2QC2Q,C:\Users\selot\OneDrive\Documents\5SEM-CP\DL\Deep_Learning\CP\data\raw\fashioniq\shirt\B00BV2QC2Q.jpg,94fe96cedeb0d672cf6c6b4a21f4162d,3
shirt,B00B8QYI2G,C:\Users\selot\OneDrive\Documents\5SEM-CP\DL\Deep_Learning\CP\data\raw\fashioniq\shirt\B00B8QYI2G.jpg,95510558dd1ae099675ecb5889362e54,3
shirt,B00B8QYI4O,C:\Users\selot\OneDrive\Documents\5SEM-CP\DL\Deep_Learning\CP\data\raw\fashioniq\shirt\B00B8QYI4O.jpg,95510558dd1ae099675ecb5889362e54,3
shirt,B00B8QYI6C,C:\Users\selot\OneDrive\Documents\5SEM-CP\DL\Deep_Learning\CP\data\raw\fashioniq\shirt\B00B8QYI6C.jpg,95510558dd1ae099675ecb5889362e54,3
shirt,B004IIBA9K,C:\Users\selot\OneDrive\Documents\5SEM-CP\DL\Deep_Learning\CP\data\raw\fashioniq\shirt\B004IIBA9K.jpg,9d3df55e4b114ffba6493efd5766a0d1,3
shirt,B004IIEVD2,C:\Users\selot\OneDrive\Documents\5SEM-CP\DL\Deep_Learning\CP\data\raw\fashioniq\shirt\B004IIEVD2.jpg,9d3df55e4b114ffba6493efd5766a0d1,3
shirt,B004IIEVDC,C:\Users\selot\OneDrive\Documents\5SEM-CP\DL\Deep_Learning\CP\data\raw\fashioniq\shirt\B004IIEVDC.jpg,9d3df55e4b114ffba6493efd5766a0d1,3
shirt,B002KG6OYI,C:\Users\selot\OneDrive\Documents\5SEM-CP\DL\Deep_Learning\CP\data\raw\fashioniq\shirt\B002KG6OYI.jpg,a1291671d13b34ab6f7c6b9c3cb8ea76,3
shirt,B002KG8LMG,C:\Users\selot\OneDrive\Documents\5SEM-CP\DL\Deep_Learning\CP\data\raw\fashioniq\shirt\B002KG8LMG.jpg,a1291671d13b34ab6f7c6b9c3cb8ea76,3
shirt,B002KGDIT2,C:\Users\selot\OneDrive\Documents\5SEM-CP\DL\Deep_Learning\CP\data\raw\fashioniq\shirt\B002KGDIT2.jpg,a1291671d13b34ab6f7c6b9c3cb8ea76,3
shirt,B002BF8EPK,C:\Users\selot\OneDrive\Documents\5SEM-CP\DL\Deep_Learning\CP\data\raw\fashioniq\shirt\B002BF8EPK.jpg,bb82f04eff9af3f88a63d75e6caa7127,3
shirt,B002BFBYFC,C:\Users\selot\OneDrive\Documents\5SEM-CP\DL\Deep_Learning\CP\data\raw\fashioniq\shirt\B002BFBYFC.jpg,bb82f04eff9af3f88a63d75e6caa7127,3
shirt,B002BFFETO,C:\Users\selot\OneDrive\Documents\5SEM-CP\DL\Deep_Learning\CP\data\raw\fashioniq\shirt\B002BFFETO.jpg,bb82f04eff9af3f88a63d75e6caa7127,3
shirt,B007I77LM8,C:\Users\selot\OneDrive\Documents\5SEM-CP\DL\Deep_Learning\CP\data\raw\fashioniq\shirt\B007I77LM8.jpg,d38302f53f06ee973f86959e20b2f5b0,3
shirt,B007I77LNC,C:\Users\selot\OneDrive\Documents\5SEM-CP\DL\Deep_Learning\CP\data\raw\fashioniq\shirt\B007I77LNC.jpg,d38302f53f06ee973f86959e20b2f5b0,3
shirt,B007I77LVE,C:\Users\selot\OneDrive\Documents\5SEM-CP\DL\Deep_Learning\CP\data\raw\fashioniq\shirt\B007I77LVE.jpg,d38302f53f06ee973f86959e20b2f5b0,3
shirt,B007QZWLK4,C:\Users\selot\OneDrive\Documents\5SEM-CP\DL\Deep_Learning\CP\data\raw\fashioniq\shirt\B007QZWLK4.jpg,d3ff4ca56f5b59320078ebb9972d2a81,3
shirt,B007QZWM4E,C:\Users\selot\OneDrive\Documents\5SEM-CP\DL\Deep_Learning\CP\data\raw\fashioniq\shirt\B007QZWM4E.jpg,d3ff4ca56f5b59320078ebb9972d2a81,3
shirt,B007QZWMC6,C:\Users\selot\OneDrive\Documents\5SEM-CP\DL\Deep_Learning\CP\data\raw\fashioniq\shirt\B007QZWMC6.jpg,d3ff4ca56f5b59320078ebb9972d2a81,3
shirt,B001E4S8Z0,C:\Users\selot\OneDrive\Documents\5SEM-CP\DL\Deep_Learning\CP\data\raw\fashioniq\shirt\B001E4S8Z0.jpg,01a05ba276be6a081f4fb61ffca69aea,2
shirt,B001E4S8ZU,C:\Users\selot\OneDrive\Documents\5SEM-CP\DL\Deep_Learning\CP\data\raw\fashioniq\shirt\B001E4S8ZU.jpg,01a05ba276be6a081f4fb61ffca69aea,2
shirt,B005TVUKXC,C:\Users\selot\OneDrive\Documents\5SEM-CP\DL\Deep_Learning\CP\data\raw\fashioniq\shirt\B005TVUKXC.jpg,099b214c06855c866d7825a4b25c6bfd,2
shirt,B005TVUL0O,C:\Users\selot\OneDrive\Documents\5SEM-CP\DL\Deep_Learning\CP\data\raw\fashioniq\shirt\B005TVUL0O.jpg,099b214c06855c866d7825a4b25c6bfd,2
shirt,B00CBDHO4Y,C:\Users\selot\OneDrive\Documents\5SEM-CP\DL\Deep_Learning\CP\data\raw\fashioniq\shirt\B00CBDHO4Y.jpg,0a04e0a518c3f6318f68f0e99f2267c3,2
shirt,B00CE3L7MG,C:\Users\selot\OneDrive\Documents\5SEM-CP\DL\Deep_Learning\CP\data\raw\fashioniq\shirt\B00CE3L7MG.jpg,0a04e0a518c3f6318f68f0e99f2267c3,2
shirt,B00BHBACM2,C:\Users\selot\OneDrive\Documents\5SEM-CP\DL\Deep_Learning\CP\data\raw\fashioniq\shirt\B00BHBACM2.jpg,0d522496a53fc77f3c93ef49d3ab4948,2
shirt,B00BHBAD58,C:\Users\selot\OneDrive\Documents\5SEM-CP\DL\Deep_Learning\CP\data\raw\fashioniq\shirt\B00BHBAD58.jpg,0d522496a53fc77f3c93ef49d3ab4948,2
shirt,B000EG96T6,C:\Users\selot\OneDrive\Documents\5SEM-CP\DL\Deep_Learning\CP\data\raw\fashioniq\shirt\B000EG96T6.jpg,0ffd2a0e63824b01b925eab49ea751ae,2
shirt,B001HDTRJ4,C:\Users\selot\OneDrive\Documents\5SEM-CP\DL\Deep_Learning\CP\data\raw\fashioniq\shirt\B001HDTRJ4.jpg,0ffd2a0e63824b01b925eab49ea751ae,2
shirt,B000QHEPJE,C:\Users\selot\OneDrive\Documents\5SEM-CP\DL\Deep_Learning\CP\data\raw\fashioniq\shirt\B000QHEPJE.jpg,15667b1bde6be35d86830614d6e0d97a,2
shirt,B000QHGDSU,C:\Users\selot\OneDrive\Documents\5SEM-CP\DL\Deep_Learning\CP\data\raw\fashioniq\shirt\B000QHGDSU.jpg,15667b1bde6be35d86830614d6e0d97a,2
shirt,B001M0MYVA,C:\Users\selot\OneDrive\Documents\5SEM-CP\DL\Deep_Learning\CP\data\raw\fashioniq\shirt\B001M0MYVA.jpg,1abb4a5dab4bdcbd6afa86d6fd7e3fe1,2
shirt,B001M0MZYQ,C:\Users\selot\OneDrive\Documents\5SEM-CP\DL\Deep_Learning\CP\data\raw\fashioniq\shirt\B001M0MZYQ.jpg,1abb4a5dab4bdcbd6afa86d6fd7e3fe1,2
shirt,B00BGDDY30,C:\Users\selot\OneDrive\Documents\5SEM-CP\DL\Deep_Learning\CP\data\raw\fashioniq\shirt\B00BGDDY30.jpg,1d4ba88412226584ed7c466c68248e1b,2
shirt,B00BGDDY8U,C:\Users\selot\OneDrive\Documents\5SEM-CP\DL\Deep_Learning\CP\data\raw\fashioniq\shirt\B00BGDDY8U.jpg,1d4ba88412226584ed7c466c68248e1b,2
shirt,B0073VBMBK,C:\Users\selot\OneDrive\Documents\5SEM-CP\DL\Deep_Learning\CP\data\raw\fashioniq\shirt\B0073VBMBK.jpg,207faeb51aa73617fa70e30c1f5f060d,2
shirt,B0073VBMFQ,C:\Users\selot\OneDrive\Documents\5SEM-CP\DL\Deep_Learning\CP\data\raw\fashioniq\shirt\B0073VBMFQ.jpg,207faeb51aa73617fa70e30c1f5f060d,2
shirt,B008YF39P6,C:\Users\selot\OneDrive\Documents\5SEM-CP\DL\Deep_Learning\CP\data\raw\fashioniq\shirt\B008YF39P6.jpg,27fb84486cb145c06b597f9af3fb79e6,2
shirt,B008YF3A4Q,C:\Users\selot\OneDrive\Documents\5SEM-CP\DL\Deep_Learning\CP\data\raw\fashioniq\shirt\B008YF3A4Q.jpg,27fb84486cb145c06b597f9af3fb79e6,2
shirt,B00008JQXJ,C:\Users\selot\OneDrive\Documents\5SEM-CP\DL\Deep_Learning\CP\data\raw\fashioniq\shirt\B00008JQXJ.jpg,2f5b4ccaffb89940476c97f9cdaf9139,2
shirt,B000VIKI3A,C:\Users\selot\OneDrive\Documents\5SEM-CP\DL\Deep_Learning\CP\data\raw\fashioniq\shirt\B000VIKI3A.jpg,2f5b4ccaffb89940476c97f9cdaf9139,2
shirt,B000VCKGW4,C:\Users\selot\OneDrive\Documents\5SEM-CP\DL\Deep_Learning\CP\data\raw\fashioniq\shirt\B000VCKGW4.jpg,350765dd92b8317af7a13e5f474f0ff1,2
shirt,B000VCQ1Y6,C:\Users\selot\OneDrive\Documents\5SEM-CP\DL\Deep_Learning\CP\data\raw\fashioniq\shirt\B000VCQ1Y6.jpg,350765dd92b8317af7a13e5f474f0ff1,2
shirt,B002KG6ONE,C:\Users\selot\OneDrive\Documents\5SEM-CP\DL\Deep_Learning\CP\data\raw\fashioniq\shirt\B002KG6ONE.jpg,3ff8349cc384f6ed8f96d5f7f6957f6d,2
shirt,B002KGFK48,C:\Users\selot\OneDrive\Documents\5SEM-CP\DL\Deep_Learning\CP\data\raw\fashioniq\shirt\B002KGFK48.jpg,3ff8349cc384f6ed8f96d5f7f6957f6d,2
shirt,B00CPS9CR2,C:\Users\selot\OneDrive\Documents\5SEM-CP\DL\Deep_Learning\CP\data\raw\fashioniq\shirt\B00CPS9CR2.jpg,446ca9eeabd8cdb5b71b16efc7fa288a,2
shirt,B00CPS9DIK,C:\Users\selot\OneDrive\Documents\5SEM-CP\DL\Deep_Learning\CP\data\raw\fashioniq\shirt\B00CPS9DIK.jpg,446ca9eeabd8cdb5b71b16efc7fa288a,2
shirt,B009ESZFEK,C:\Users\selot\OneDrive\Documents\5SEM-CP\DL\Deep_Learning\CP\data\raw\fashioniq\shirt\B009ESZFEK.jpg,47c5fc498d9b0b0c31123c08c56968f0,2
shirt,B009ESZFM2,C:\Users\selot\OneDrive\Documents\5SEM-CP\DL\Deep_Learning\CP\data\raw\fashioniq\shirt\B009ESZFM2.jpg,47c5fc498d9b0b0c31123c08c56968f0,2
shirt,B001JKBFTU,C:\Users\selot\OneDrive\Documents\5SEM-CP\DL\Deep_Learning\CP\data\raw\fashioniq\shirt\B001JKBFTU.jpg,481008ba37abe9643869e51ffb4240fc,2
shirt,B001JKGJGY,C:\Users\selot\OneDrive\Documents\5SEM-CP\DL\Deep_Learning\CP\data\raw\fashioniq\shirt\B001JKGJGY.jpg,481008ba37abe9643869e51ffb4240fc,2
shirt,B00AWVQXBM,C:\Users\selot\OneDrive\Documents\5SEM-CP\DL\Deep_Learning\CP\data\raw\fashioniq\shirt\B00AWVQXBM.jpg,5296fcecf319715c72c92a3f880d7bac,2
shirt,B00AWVQXNA,C:\Users\selot\OneDrive\Documents\5SEM-CP\DL\Deep_Learning\CP\data\raw\fashioniq\shirt\B00AWVQXNA.jpg,5296fcecf319715c72c92a3f880d7bac,2
shirt,B001BVNSAQ,C:\Users\selot\OneDrive\Documents\5SEM-CP\DL\Deep_Learning\CP\data\raw\fashioniq\shirt\B001BVNSAQ.jpg,52a9eda0f645accce1234e7149e2ebde,2
shirt,B001BVPPN4,C:\Users\selot\OneDrive\Documents\5SEM-CP\DL\Deep_Learning\CP\data\raw\fashioniq\shirt\B001BVPPN4.jpg,52a9eda0f645accce1234e7149e2ebde,2
shirt,B0036XD3NE,C:\Users\selot\OneDrive\Documents\5SEM-CP\DL\Deep_Learning\CP\data\raw\fashioniq\shirt\B0036XD3NE.jpg,52ccde1279af59ea9167e93d7d2730e5,2
shirt,B0036XOGAI,C:\Users\selot\OneDrive\Documents\5SEM-CP\DL\Deep_Learning\CP\data\raw\fashioniq\shirt\B0036XOGAI.jpg,52ccde1279af59ea9167e93d7d2730e5,2
shirt,B005173SBK,C:\Users\selot\OneDrive\Documents\5SEM-CP\DL\Deep_Learning\CP\data\raw\fashioniq\shirt\B005173SBK.jpg,53d3f9a8490c2121e2491799af718bc8,2
shirt,B005173SF6,C:\Users\selot\OneDrive\Documents\5SEM-CP\DL\Deep_Learning\CP\data\raw\fashioniq\shirt\B005173SF6.jpg,53d3f9a8490c2121e2491799af718bc8,2
shirt,B0076S8EJI,C:\Users\selot\OneDrive\Documents\5SEM-CP\DL\Deep_Learning\CP\data\raw\fashioniq\shirt\B0076S8EJI.jpg,5b805437743e008136cde97d10128a70,2
shirt,B008PI9X1Q,C:\Users\selot\OneDrive\Documents\5SEM-CP\DL\Deep_Learning\CP\data\raw\fashioniq\shirt\B008PI9X1Q.jpg,5b805437743e008136cde97d10128a70,2
shirt,B003F22Y0Y,C:\Users\selot\OneDrive\Documents\5SEM-CP\DL\Deep_Learning\CP\data\raw\fashioniq\shirt\B003F22Y0Y.jpg,5be91de4fc698efcf92597e6fc9e20c9,2
shirt,B003F26DUG,C:\Users\selot\OneDrive\Documents\5SEM-CP\DL\Deep_Learning\CP\data\raw\fashioniq\shirt\B003F26DUG.jpg,5be91de4fc698efcf92597e6fc9e20c9,2
shirt,B002XNR8DO,C:\Users\selot\OneDrive\Documents\5SEM-CP\DL\Deep_Learning\CP\data\raw\fashioniq\shirt\B002XNR8DO.jpg,5ca1a8436517b0f5b0532e5ddfdb9779,2
shirt,B002XNR8EI,C:\Users\selot\OneDrive\Documents\5SEM-CP\DL\Deep_Learning\CP\data\raw\fashioniq\shirt\B002XNR8EI.jpg,5ca1a8436517b0f5b0532e5ddfdb9779,2
shirt,B00079ZW7K,C:\Users\selot\OneDrive\Documents\5SEM-CP\DL\Deep_Learning\CP\data\raw\fashioniq\shirt\B00079ZW7K.jpg,5e3f04e734bcdbe18e582beb41fa76d5,2
shirt,B0027ED4SW,C:\Users\selot\OneDrive\Documents\5SEM-CP\DL\Deep_Learning\CP\data\raw\fashioniq\shirt\B0027ED4SW.jpg,5e3f04e734bcdbe18e582beb41fa76d5,2
shirt,B006H6WNQ0,C:\Users\selot\OneDrive\Documents\5SEM-CP\DL\Deep_Learning\CP\data\raw\fashioniq\shirt\B006H6WNQ0.jpg,5e565e0bb80f1d5152886aedfb001833,2
shirt,B006H6WOR8,C:\Users\selot\OneDrive\Documents\5SEM-CP\DL\Deep_Learning\CP\data\raw\fashioniq\shirt\B006H6WOR8.jpg,5e565e0bb80f1d5152886aedfb001833,2
shirt,B0038MLEYS,C:\Users\selot\OneDrive\Documents\5SEM-CP\DL\Deep_Learning\CP\data\raw\fashioniq\shirt\B0038MLEYS.jpg,61176991db08a2426ab0c8abb98e5a23,2
shirt,B0038MNBF8,C:\Users\selot\OneDrive\Documents\5SEM-CP\DL\Deep_Learning\CP\data\raw\fashioniq\shirt\B0038MNBF8.jpg,61176991db08a2426ab0c8abb98e5a23,2
shirt,B000JR8TK2,C:\Users\selot\OneDrive\Documents\5SEM-CP\DL\Deep_Learning\CP\data\raw\fashioniq\shirt\B000JR8TK2.jpg,621b09782439a2b442c9a9ced8c680ea,2
shirt,B000JR9H3U,C:\Users\selot\OneDrive\Documents\5SEM-CP\DL\Deep_Learning\CP\data\raw\fashioniq\shirt\B000JR9H3U.jpg,621b09782439a2b442c9a9ced8c680ea,2
shirt,B0009GDKN4,C:\Users\selot\OneDrive\Documents\5SEM-CP\DL\Deep_Learning\CP\data\raw\fashioniq\shirt\B0009GDKN4.jpg,6524d3591189a2a8bdd2f0635ed67668,2
shirt,B0067GKZ0G,C:\Users\selot\OneDrive\Documents\5SEM-CP\DL\Deep_Learning\CP\data\raw\fashioniq\shirt\B0067GKZ0G.jpg,6524d3591189a2a8bdd2f0635ed67668,2
shirt,B005LCN0N6,C:\Users\selot\OneDrive\Documents\5SEM-CP\DL\Deep_Learning\CP\data\raw\fashioniq\shirt\B005LCN0N6.jpg,6a8f46d33019ff979fd503f4c54b6c13,2
shirt,B005LCN144,C:\Users\selot\OneDrive\Documents\5SEM-CP\DL\Deep_Learning\CP\data\raw\fashioniq\shirt\B005LCN144.jpg,6a8f46d33019ff979fd503f4c54b6c13,2
shirt,B00CN6GN7S,C:\Users\selot\OneDrive\Documents\5SEM-CP\DL\Deep_Learning\CP\data\raw\fashioniq\shirt\B00CN6GN7S.jpg,6ef20ddf7e8d0f1a4af8508fea6a14ea,2
shirt,B00CN6H3MW,C:\Users\selot\OneDrive\Documents\5SEM-CP\DL\Deep_Learning\CP\data\raw\fashioniq\shirt\B00CN6H3MW.jpg,6ef20ddf7e8d0f1a4af8508fea6a14ea,2
shirt,B006ONZT7G,C:\Users\selot\OneDrive\Documents\5SEM-CP\DL\Deep_Learning\CP\data\raw\fashioniq\shirt\B006ONZT7G.jpg,72a1e10e1762bc8cab6aeed28b6d65e3,2
shirt,B0093SL8UG,C:\Users\selot\OneDrive\Documents\5SEM-CP\DL\Deep_Learning\CP\data\raw\fashioniq\shirt\B0093SL8UG.jpg,72a1e10e1762bc8cab6aeed28b6d65e3,2
shirt,B0070NURK8,C:\Users\selot\OneDrive\Documents\5SEM-CP\DL\Deep_Learning\CP\data\raw\fashioniq\shirt\B0070NURK8.jpg,767fb18f5c2591b6b145202890cac8fa,2
shirt,B0070NUZR8,C:\Users\selot\OneDrive\Documents\5SEM-CP\DL\Deep_Learning\CP\data\raw\fashioniq\shirt\B0070NUZR8.jpg,767fb18f5c2591b6b145202890cac8fa,2
shirt,B0042DD09O,C:\Users\selot\OneDrive\Documents\5SEM-CP\DL\Deep_Learning\CP\data\raw\fashioniq\shirt\B0042DD09O.jpg,7dd9e26edb536742c6f7726effcebaf7,2
shirt,B008MTK844,C:\Users\selot\OneDrive\Documents\5SEM-CP\DL\Deep_Learning\CP\data\raw\fashioniq\shirt\B008MTK844.jpg,7dd9e26edb536742c6f7726effcebaf7,2
shirt,B0058YRL9G,C:\Users\selot\OneDrive\Documents\5SEM-CP\DL\Deep_Learning\CP\data\raw\fashioniq\shirt\B0058YRL9G.jpg,8ddd8daa9d0c0ce0d7cdd85ee572b398,2
shirt,B006RDRHSM,C:\Users\selot\OneDrive\Documents\5SEM-CP\DL\Deep_Learning\CP\data\raw\fashioniq\shirt\B006RDRHSM.jpg,8ddd8daa9d0c0ce0d7cdd85ee572b398,2
shirt,B009SDRDYG,C:\Users\selot\OneDrive\Documents\5SEM-CP\DL\Deep_Learning\CP\data\raw\fashioniq\shirt\B009SDRDYG.jpg,9021993e8d542e4bb2f2340d3da5202a,2
shirt,B00C1NZ5ZY,C:\Users\selot\OneDrive\Documents\5SEM-CP\DL\Deep_Learning\CP\data\raw\fashioniq\shirt\B00C1NZ5ZY.jpg,9021993e8d542e4bb2f2340d3da5202a,2
shirt,B0058PKHNW,C:\Users\selot\OneDrive\Documents\5SEM-CP\DL\Deep_Learning\CP\data\raw\fashioniq\shirt\B0058PKHNW.jpg,907b1a98208d4250dea550e0d63f4de1,2
shirt,B007TC0U48,C:\Users\selot\OneDrive\Documents\5SEM-CP\DL\Deep_Learning\CP\data\raw\fashioniq\shirt\B007TC0U48.jpg,907b1a98208d4250dea550e0d63f4de1,2
shirt,B003BQR0AI,C:\Users\selot\OneDrive\Documents\5SEM-CP\DL\Deep_Learning\CP\data\raw\fashioniq\shirt\B003BQR0AI.jpg,90e1316c421685b323c45c94f461d576,2
shirt,B003BQSZ5C,C:\Users\selot\OneDrive\Documents\5SEM-CP\DL\Deep_Learning\CP\data\raw\fashioniq\shirt\B003BQSZ5C.jpg,90e1316c421685b323c45c94f461d576,2
shirt,B00406YYVQ,C:\Users\selot\OneDrive\Documents\5SEM-CP\DL\Deep_Learning\CP\data\raw\fashioniq\shirt\B00406YYVQ.jpg,932e07ba9ab626d712d79555bd813864,2
shirt,B008RL1YHM,C:\Users\selot\OneDrive\Documents\5SEM-CP\DL\Deep_Learning\CP\data\raw\fashioniq\shirt\B008RL1YHM.jpg,932e07ba9ab626d712d79555bd813864,2
shirt,B00BHIZSR4,C:\Users\selot\OneDrive\Documents\5SEM-CP\DL\Deep_Learning\CP\data\raw\fashioniq\shirt\B00BHIZSR4.jpg,965371b2ecc0523f1648d9df7f0460be,2
shirt,B00BHIZTD2,C:\Users\selot\OneDrive\Documents\5SEM-CP\DL\Deep_Learning\CP\data\raw\fashioniq\shirt\B00BHIZTD2.jpg,965371b2ecc0523f1648d9df7f0460be,2
shirt,B00AOJHINE,C:\Users\selot\OneDrive\Documents\5SEM-CP\DL\Deep_Learning\CP\data\raw\fashioniq\shirt\B00AOJHINE.jpg,9930d02ea3a27169ce72bd6dcd5c17db,2
shirt,B00AOJI69O,C:\Users\selot\OneDrive\Documents\5SEM-CP\DL\Deep_Learning\CP\data\raw\fashioniq\shirt\B00AOJI69O.jpg,9930d02ea3a27169ce72bd6dcd5c17db,2
shirt,B0036SP2Y2,C:\Users\selot\OneDrive\Documents\5SEM-CP\DL\Deep_Learning\CP\data\raw\fashioniq\shirt\B0036SP2Y2.jpg,9acf1fc26d1179c6dce44ad7db43cb22,2
shirt,B0036SP2YW,C:\Users\selot\OneDrive\Documents\5SEM-CP\DL\Deep_Learning\CP\data\raw\fashioniq\shirt\B0036SP2YW.jpg,9acf1fc26d1179c6dce44ad7db43cb22,2
shirt,B001J4TY44,C:\Users\selot\OneDrive\Documents\5SEM-CP\DL\Deep_Learning\CP\data\raw\fashioniq\shirt\B001J4TY44.jpg,9b3c83201fb9d0c037f1b3bba91c03ae,2
shirt,B0045ETXU0,C:\Users\selot\OneDrive\Documents\5SEM-CP\DL\Deep_Learning\CP\data\raw\fashioniq\shirt\B0045ETXU0.jpg,9b3c83201fb9d0c037f1b3bba91c03ae,2
shirt,B00F99GCZ4,C:\Users\selot\OneDrive\Documents\5SEM-CP\DL\Deep_Learning\CP\data\raw\fashioniq\shirt\B00F99GCZ4.jpg,a42529854b2128e77d9539ed91c568fe,2
shirt,B00F99GI3U,C:\Users\selot\OneDrive\Documents\5SEM-CP\DL\Deep_Learning\CP\data\raw\fashioniq\shirt\B00F99GI3U.jpg,a42529854b2128e77d9539ed91c568fe,2
shirt,B007WTYRFQ,C:\Users\selot\OneDrive\Documents\5SEM-CP\DL\Deep_Learning\CP\data\raw\fashioniq\shirt\B007WTYRFQ.jpg,a462bc433eba285134be5cdc072aa5cd,2
shirt,B007ZW3L0C,C:\Users\selot\OneDrive\Documents\5SEM-CP\DL\Deep_Learning\CP\data\raw\fashioniq\shirt\B007ZW3L0C.jpg,a462bc433eba285134be5cdc072aa5cd,2
shirt,B003UT6REG,C:\Users\selot\OneDrive\Documents\5SEM-CP\DL\Deep_Learning\CP\data\raw\fashioniq\shirt\B003UT6REG.jpg,a507266088055aae1463f458489e89fb,2
shirt,B003UT6RF0,C:\Users\selot\OneDrive\Documents\5SEM-CP\DL\Deep_Learning\CP\data\raw\fashioniq\shirt\B003UT6RF0.jpg,a507266088055aae1463f458489e89fb,2
shirt,B001O84MII,C:\Users\selot\OneDrive\Documents\5SEM-CP\DL\Deep_Learning\CP\data\raw\fashioniq\shirt\B001O84MII.jpg,a6d58bcd10df516db21358eac3205a25,2
shirt,B001O883S8,C:\Users\selot\OneDrive\Documents\5SEM-CP\DL\Deep_Learning\CP\data\raw\fashioniq\shirt\B001O883S8.jpg,a6d58bcd10df516db21358eac3205a25,2
shirt,B00430B69M,C:\Users\selot\OneDrive\Documents\5SEM-CP\DL\Deep_Learning\CP\data\raw\fashioniq\shirt\B00430B69M.jpg,a8ef14a14d6585b73fbf67bd1827728b,2
shirt,B00430B6PQ,C:\Users\selot\OneDrive\Documents\5SEM-CP\DL\Deep_Learning\CP\data\raw\fashioniq\shirt\B00430B6PQ.jpg,a8ef14a14d6585b73fbf67bd1827728b,2
shirt,B004NPAQHA,C:\Users\selot\OneDrive\Documents\5SEM-CP\DL\Deep_Learning\CP\data\raw\fashioniq\shirt\B004NPAQHA.jpg,b74685b300a70ca893688ecadd522803,2
shirt,B004NPCD3U,C:\Users\selot\OneDrive\Documents\5SEM-CP\DL\Deep_Learning\CP\data\raw\fashioniq\shirt\B004NPCD3U.jpg,b74685b300a70ca893688ecadd522803,2
shirt,B0075BDHL6,C:\Users\selot\OneDrive\Documents\5SEM-CP\DL\Deep_Learning\CP\data\raw\fashioniq\shirt\B0075BDHL6.jpg,bf8a049139379cb5e37d01beea79f553,2
shirt,B0075BEDFK,C:\Users\selot\OneDrive\Documents\5SEM-CP\DL\Deep_Learning\CP\data\raw\fashioniq\shirt\B0075BEDFK.jpg,bf8a049139379cb5e37d01beea79f553,2
shirt,B002KO943S,C:\Users\selot\OneDrive\Documents\5SEM-CP\DL\Deep_Learning\CP\data\raw\fashioniq\shirt\B002KO943S.jpg,c6fb7e44e0018df85c4ee1024f70c886,2
shirt,B008G3N5AK,C:\Users\selot\OneDrive\Documents\5SEM-CP\DL\Deep_Learning\CP\data\raw\fashioniq\shirt\B008G3N5AK.jpg,c6fb7e44e0018df85c4ee1024f70c886,2
shirt,B00BGDRZKI,C:\Users\selot\OneDrive\Documents\5SEM-CP\DL\Deep_Learning\CP\data\raw\fashioniq\shirt\B00BGDRZKI.jpg,c6fe3973aacf8c3f9462b865a646e4aa,2
shirt,B00BXQNBY2,C:\Users\selot\OneDrive\Documents\5SEM-CP\DL\Deep_Learning\CP\data\raw\fashioniq\shirt\B00BXQNBY2.jpg,c6fe3973aacf8c3f9462b865a646e4aa,2
shirt,B005KUICXM,C:\Users\selot\OneDrive\Documents\5SEM-CP\DL\Deep_Learning\CP\data\raw\fashioniq\shirt\B005KUICXM.jpg,d13ff24b43c15e275d7e61a01fde3ac6,2
shirt,B005KUICZ0,C:\Users\selot\OneDrive\Documents\5SEM-CP\DL\Deep_Learning\CP\data\raw\fashioniq\shirt\B005KUICZ0.jpg,d13ff24b43c15e275d7e61a01fde3ac6,2
shirt,B00EAX4R5C,C:\Users\selot\OneDrive\Documents\5SEM-CP\DL\Deep_Learning\CP\data\raw\fashioniq\shirt\B00EAX4R5C.jpg,d1d13e10bba112d2e2f1e73a072731f0,2
shirt,B00EAXBT1C,C:\Users\selot\OneDrive\Documents\5SEM-CP\DL\Deep_Learning\CP\data\raw\fashioniq\shirt\B00EAXBT1C.jpg,d1d13e10bba112d2e2f1e73a072731f0,2
shirt,B004ORNJL2,C:\Users\selot\OneDrive\Documents\5SEM-CP\DL\Deep_Learning\CP\data\raw\fashioniq\shirt\B004ORNJL2.jpg,d3d4f0947b53cf8b5586088316292419,2
shirt,B004ORRHNI,C:\Users\selot\OneDrive\Documents\5SEM-CP\DL\Deep_Learning\CP\data\raw\fashioniq\shirt\B004ORRHNI.jpg,d3d4f0947b53cf8b5586088316292419,2
shirt,B000BDDFWQ,C:\Users\selot\OneDrive\Documents\5SEM-CP\DL\Deep_Learning\CP\data\raw\fashioniq\shirt\B000BDDFWQ.jpg,dd367b7f244ee91950ec523becf099a4,2
shirt,B000BDDFX0,C:\Users\selot\OneDrive\Documents\5SEM-CP\DL\Deep_Learning\CP\data\raw\fashioniq\shirt\B000BDDFX0.jpg,dd367b7f244ee91950ec523becf099a4,2
shirt,B001O82IAC,C:\Users\selot\OneDrive\Documents\5SEM-CP\DL\Deep_Learning\CP\data\raw\fashioniq\shirt\B001O82IAC.jpg,de3f48c3add193b83a947b2a84b4a9d8,2
shirt,B001O869LQ,C:\Users\selot\OneDrive\Documents\5SEM-CP\DL\Deep_Learning\CP\data\raw\fashioniq\shirt\B001O869LQ.jpg,de3f48c3add193b83a947b2a84b4a9d8,2
shirt,B0036O5P4S,C:\Users\selot\OneDrive\Documents\5SEM-CP\DL\Deep_Learning\CP\data\raw\fashioniq\shirt\B0036O5P4S.jpg,e028fa781411c82db33d4a050eac22d6,2
shirt,B0036O75CI,C:\Users\selot\OneDrive\Documents\5SEM-CP\DL\Deep_Learning\CP\data\raw\fashioniq\shirt\B0036O75CI.jpg,e028fa781411c82db33d4a050eac22d6,2
shirt,B007IVEC26,C:\Users\selot\OneDrive\Documents\5SEM-CP\DL\Deep_Learning\CP\data\raw\fashioniq\shirt\B007IVEC26.jpg,e190e0e900291f3316e1b2e6913bdb04,2
shirt,B0087Q2H8W,C:\Users\selot\OneDrive\Documents\5SEM-CP\DL\Deep_Learning\CP\data\raw\fashioniq\shirt\B0087Q2H8W.jpg,e190e0e900291f3316e1b2e6913bdb04,2
shirt,B00580KQO2,C:\Users\selot\OneDrive\Documents\5SEM-CP\DL\Deep_Learning\CP\data\raw\fashioniq\shirt\B00580KQO2.jpg,e6dcc9aa5975200ebe9638624c6cc5ad,2
shirt,B007JZ983Y,C:\Users\selot\OneDrive\Documents\5SEM-CP\DL\Deep_Learning\CP\data\raw\fashioniq\shirt\B007JZ983Y.jpg,e6dcc9aa5975200ebe9638624c6cc5ad,2
shirt,B00731P81A,C:\Users\selot\OneDrive\Documents\5SEM-CP\DL\Deep_Learning\CP\data\raw\fashioniq\shirt\B00731P81A.jpg,e7f2f4e6dadad0e41c1c7a73e80a954a,2
shirt,B00731P83I,C:\Users\selot\OneDrive\Documents\5SEM-CP\DL\Deep_Learning\CP\data\raw\fashioniq\shirt\B00731P83I.jpg,e7f2f4e6dadad0e41c1c7a73e80a954a,2
shirt,B003E1A8KE,C:\Users\selot\OneDrive\Documents\5SEM-CP\DL\Deep_Learning\CP\data\raw\fashioniq\shirt\B003E1A8KE.jpg,edef2c8d966e4446fd34872a32827322,2
shirt,B003E1E2VA,C:\Users\selot\OneDrive\Documents\5SEM-CP\DL\Deep_Learning\CP\data\raw\fashioniq\shirt\B003E1E2VA.jpg,edef2c8d966e4446fd34872a32827322,2
shirt,B000IMYMYK,C:\Users\selot\OneDrive\Documents\5SEM-CP\DL\Deep_Learning\CP\data\raw\fashioniq\shirt\B000IMYMYK.jpg,efa4ebd882b4c5ad0a7da48c4ad74785,2
shirt,B000IMYMYU,C:\Users\selot\OneDrive\Documents\5SEM-CP\DL\Deep_Learning\CP\data\raw\fashioniq\shirt\B000IMYMYU.jpg,efa4ebd882b4c5ad0a7da48c4ad74785,2
shirt,B005PBWWSW,C:\Users\selot\OneDrive\Documents\5SEM-CP\DL\Deep_Learning\CP\data\raw\fashioniq\shirt\B005PBWWSW.jpg,f99843c872d403f0aacf77aa48dd9a64,2
shirt,B005PBWWV4,C:\Users\selot\OneDrive\Documents\5SEM-CP\DL\Deep_Learning\CP\data\raw\fashioniq\shirt\B005PBWWV4.jpg,f99843c872d403f0aacf77aa48dd9a64,2
shirt,B0036XOOG4,C:\Users\selot\OneDrive\Documents\5SEM-CP\DL\Deep_Learning\CP\data\raw\fashioniq\shirt\B0036XOOG4.jpg,fcc698504b7e01801c173110ef11d732,2
shirt,B0036XQH28,C:\Users\selot\OneDrive\Documents\5SEM-CP\DL\Deep_Learning\CP\data\raw\fashioniq\shirt\B0036XQH28.jpg,fcc698504b7e01801c173110ef11d732,2
shirt,B0037OBPKU,C:\Users\selot\OneDrive\Documents\5SEM-CP\DL\Deep_Learning\CP\data\raw\fashioniq\shirt\B0037OBPKU.jpg,fe12673ba39f41ba88da8e2e04799cfa,2
shirt,B0037OJ2ZU,C:\Users\selot\OneDrive\Documents\5SEM-CP\DL\Deep_Learning\CP\data\raw\fashioniq\shirt\B0037OJ2ZU.jpg,fe12673ba39f41ba88da8e2e04799cfa,2
toptee,B00AL1QED0,C:\Users\selot\OneDrive\Documents\5SEM-CP\DL\Deep_Learning\CP\data\raw\fashioniq\toptee\B00AL1QED0.jpg,6da434ff225be87d2b77a964d7405ed6,11
toptee,B00AL1QEF8,C:\Users\selot\OneDrive\Documents\5SEM-CP\DL\Deep_Learning\CP\data\raw\fashioniq\toptee\B00AL1QEF8.jpg,6da434ff225be87d2b77a964d7405ed6,11
toptee,B00AL1QEH6,C:\Users\selot\OneDrive\Documents\5SEM-CP\DL\Deep_Learning\CP\data\raw\fashioniq\toptee\B00AL1QEH6.jpg,6da434ff225be87d2b77a964d7405ed6,11
toptee,B00AL1QEIK,C:\Users\selot\OneDrive\Documents\5SEM-CP\DL\Deep_Learning\CP\data\raw\fashioniq\toptee\B00AL1QEIK.jpg,6da434ff225be87d2b77a964d7405ed6,11
toptee,B00AL1QETO,C:\Users\selot\OneDrive\Documents\5SEM-CP\DL\Deep_Learning\CP\data\raw\fashioniq\toptee\B00AL1QETO.jpg,6da434ff225be87d2b77a964d7405ed6,11
toptee,B00AL1QETY,C:\Users\selot\OneDrive\Documents\5SEM-CP\DL\Deep_Learning\CP\data\raw\fashioniq\toptee\B00AL1QETY.jpg,6da434ff225be87d2b77a964d7405ed6,11
toptee,B00AL1QEU8,C:\Users\selot\OneDrive\Documents\5SEM-CP\DL\Deep_Learning\CP\data\raw\fashioniq\toptee\B00AL1QEU8.jpg,6da434ff225be87d2b77a964d7405ed6,11
toptee,B00AL1QEV2,C:\Users\selot\OneDrive\Documents\5SEM-CP\DL\Deep_Learning\CP\data\raw\fashioniq\toptee\B00AL1QEV2.jpg,6da434ff225be87d2b77a964d7405ed6,11
toptee,B00AL1QEY4,C:\Users\selot\OneDrive\Documents\5SEM-CP\DL\Deep_Learning\CP\data\raw\fashioniq\toptee\B00AL1QEY4.jpg,6da434ff225be87d2b77a964d7405ed6,11
toptee,B00C7AFSHQ,C:\Users\selot\OneDrive\Documents\5SEM-CP\DL\Deep_Learning\CP\data\raw\fashioniq\toptee\B00C7AFSHQ.jpg,6da434ff225be87d2b77a964d7405ed6,11
toptee,B00C7B65CC,C:\Users\selot\OneDrive\Documents\5SEM-CP\DL\Deep_Learning\CP\data\raw\fashioniq\toptee\B00C7B65CC.jpg,6da434ff225be87d2b77a964d7405ed6,11
toptee,B007J7J4B8,C:\Users\selot\OneDrive\Documents\5SEM-CP\DL\Deep_Learning\CP\data\raw\fashioniq\toptee\B007J7J4B8.jpg,51eed9f0ff4e70694b29be0384b112e8,4
toptee,B007J7J4V8,C:\Users\selot\OneDrive\Documents\5SEM-CP\DL\Deep_Learning\CP\data\raw\fashioniq\toptee\B007J7J4V8.jpg,51eed9f0ff4e70694b29be0384b112e8,4
toptee,B007J7J5KI,C:\Users\selot\OneDrive\Documents\5SEM-CP\DL\Deep_Learning\CP\data\raw\fashioniq\toptee\B007J7J5KI.jpg,51eed9f0ff4e70694b29be0384b112e8,4
toptee,B007J7J6NO,C:\Users\selot\OneDrive\Documents\5SEM-CP\DL\Deep_Learning\CP\data\raw\fashioniq\toptee\B007J7J6NO.jpg,51eed9f0ff4e70694b29be0384b112e8,4
toptee,B00BHASDME,C:\Users\selot\OneDrive\Documents\5SEM-CP\DL\Deep_Learning\CP\data\raw\fashioniq\toptee\B00BHASDME.jpg,b0f149e5319045d99599e4c140ad4189,4
toptee,B00BHASDRE,C:\Users\selot\OneDrive\Documents\5SEM-CP\DL\Deep_Learning\CP\data\raw\fashioniq\toptee\B00BHASDRE.jpg,b0f149e5319045d99599e4c140ad4189,4
toptee,B00BHASDX8,C:\Users\selot\OneDrive\Documents\5SEM-CP\DL\Deep_Learning\CP\data\raw\fashioniq\toptee\B00BHASDX8.jpg,b0f149e5319045d99599e4c140ad4189,4
toptee,B00BHASE5A,C:\Users\selot\OneDrive\Documents\5SEM-CP\DL\Deep_Learning\CP\data\raw\fashioniq\toptee\B00BHASE5A.jpg,b0f149e5319045d99599e4c140ad4189,4
toptee,B009ESDWCM,C:\Users\selot\OneDrive\Documents\5SEM-CP\DL\Deep_Learning\CP\data\raw\fashioniq\toptee\B009ESDWCM.jpg,1cc22fc19731e6eacbf0fbe36a3bee20,3
toptee,B009ESEDVQ,C:\Users\selot\OneDrive\Documents\5SEM-CP\DL\Deep_Learning\CP\data\raw\fashioniq\toptee\B009ESEDVQ.jpg,1cc22fc19731e6eacbf0fbe36a3bee20,3
toptee,B009ESEK2S,C:\Users\selot\OneDrive\Documents\5SEM-CP\DL\Deep_Learning\CP\data\raw\fashioniq\toptee\B009ESEK2S.jpg,1cc22fc19731e6eacbf0fbe36a3bee20,3
toptee,B00DR4912Y,C:\Users\selot\OneDrive\Documents\5SEM-CP\DL\Deep_Learning\CP\data\raw\fashioniq\toptee\B00DR4912Y.jpg,4d0be89a4a1712b90d48bdac8406cc95,3
toptee,B00DR49142,C:\Users\selot\OneDrive\Documents\5SEM-CP\DL\Deep_Learning\CP\data\raw\fashioniq\toptee\B00DR49142.jpg,4d0be89a4a1712b90d48bdac8406cc95,3
toptee,B00DR4917E,C:\Users\selot\OneDrive\Documents\5SEM-CP\DL\Deep_Learning\CP\data\raw\fashioniq\toptee\B00DR4917E.jpg,4d0be89a4a1712b90d48bdac8406cc95,3
toptee,B004R2HNCU,C:\Users\selot\OneDrive\Documents\5SEM-CP\DL\Deep_Learning\CP\data\raw\fashioniq\toptee\B004R2HNCU.jpg,bc112485653b1eb10de758eabaead423,3
toptee,B004R2HNUM,C:\Users\selot\OneDrive\Documents\5SEM-CP\DL\Deep_Learning\CP\data\raw\fashioniq\toptee\B004R2HNUM.jpg,bc112485653b1eb10de758eabaead423,3
toptee,B004UR8L0A,C:\Users\selot\OneDrive\Documents\5SEM-CP\DL\Deep_Learning\CP\data\raw\fashioniq\toptee\B004UR8L0A.jpg,bc112485653b1eb10de758eabaead423,3
toptee,B009ETD5VY,C:\Users\selot\OneDrive\Documents\5SEM-CP\DL\Deep_Learning\CP\data\raw\fashioniq\toptee\B009ETD5VY.jpg,01c1dc30dec6075f8b51a36a52fa4a48,2
toptee,B009ETDLO0,C:\Users\selot\OneDrive\Documents\5SEM-CP\DL\Deep_Learning\CP\data\raw\fashioniq\toptee\B009ETDLO0.jpg,01c1dc30dec6075f8b51a36a52fa4a48,2
toptee,B004NEIFTW,C:\Users\selot\OneDrive\Documents\5SEM-CP\DL\Deep_Learning\CP\data\raw\fashioniq\toptee\B004NEIFTW.jpg,038bde571ed2986d70656b60a39b34ca,2
toptee,B004NEIFUG,C:\Users\selot\OneDrive\Documents\5SEM-CP\DL\Deep_Learning\CP\data\raw\fashioniq\toptee\B004NEIFUG.jpg,038bde571ed2986d70656b60a39b34ca,2
toptee,B007W2HE7G,C:\Users\selot\OneDrive\Documents\5SEM-CP\DL\Deep_Learning\CP\data\raw\fashioniq\toptee\B007W2HE7G.jpg,061d1dab10fb285a7b24d50efe0dacf8,2
toptee,B007W4VCRW,C:\Users\selot\OneDrive\Documents\5SEM-CP\DL\Deep_Learning\CP\data\raw\fashioniq\toptee\B007W4VCRW.jpg,061d1dab10fb285a7b24d50efe0dacf8,2
toptee,B007TGJO7S,C:\Users\selot\OneDrive\Documents\5SEM-CP\DL\Deep_Learning\CP\data\raw\fashioniq\toptee\B007TGJO7S.jpg,0d31d1e750760f81924efd75e986727f,2
toptee,B0083S18LQ,C:\Users\selot\OneDrive\Documents\5SEM-CP\DL\Deep_Learning\CP\data\raw\fashioniq\toptee\B0083S18LQ.jpg,0d31d1e750760f81924efd75e986727f,2
toptee,B00BHBACM2,C:\Users\selot\OneDrive\Documents\5SEM-CP\DL\Deep_Learning\CP\data\raw\fashioniq\toptee\B00BHBACM2.jpg,0d522496a53fc77f3c93ef49d3ab4948,2
toptee,B00BHBAD58,C:\Users\selot\OneDrive\Documents\5SEM-CP\DL\Deep_Learning\CP\data\raw\fashioniq\toptee\B00BHBAD58.jpg,0d522496a53fc77f3c93ef49d3ab4948,2
toptee,B008G51I0W,C:\Users\selot\OneDrive\Documents\5SEM-CP\DL\Deep_Learning\CP\data\raw\fashioniq\toptee\B008G51I0W.jpg,0f3bdaa9bd830be572a381a9d1471cbb,2
toptee,B008G51IDY,C:\Users\selot\OneDrive\Documents\5SEM-CP\DL\Deep_Learning\CP\data\raw\fashioniq\toptee\B008G51IDY.jpg,0f3bdaa9bd830be572a381a9d1471cbb,2
toptee,B004S3CO36,C:\Users\selot\OneDrive\Documents\5SEM-CP\DL\Deep_Learning\CP\data\raw\fashioniq\toptee\B004S3CO36.jpg,1353a1a9966933db8a758a04a60e777d,2
toptee,B0083XHOIW,C:\Users\selot\OneDrive\Documents\5SEM-CP\DL\Deep_Learning\CP\data\raw\fashioniq\toptee\B0083XHOIW.jpg,1353a1a9966933db8a758a04a60e777d,2
toptee,B0083VXYMY,C:\Users\selot\OneDrive\Documents\5SEM-CP\DL\Deep_Learning\CP\data\raw\fashioniq\toptee\B0083VXYMY.jpg,149901cc9462470e8d386e451c73cbab,2
toptee,B0083VXYY2,C:\Users\selot\OneDrive\Documents\5SEM-CP\DL\Deep_Learning\CP\data\raw\fashioniq\toptee\B0083VXYY2.jpg,149901cc9462470e8d386e451c73cbab,2
toptee,B00889AGMC,C:\Users\selot\OneDrive\Documents\5SEM-CP\DL\Deep_Learning\CP\data\raw\fashioniq\toptee\B00889AGMC.jpg,199900ff5572150e9b37a5ae63aece14,2
toptee,B00HC9OZ6C,C:\Users\selot\OneDrive\Documents\5SEM-CP\DL\Deep_Learning\CP\data\raw\fashioniq\toptee\B00HC9OZ6C.jpg,199900ff5572150e9b37a5ae63aece14,2
toptee,B000PZOFRY,C:\Users\selot\OneDrive\Documents\5SEM-CP\DL\Deep_Learning\CP\data\raw\fashioniq\toptee\B000PZOFRY.jpg,19b64e2195c8f918a6e43b358336af07,2
toptee,B000PZRN8C,C:\Users\selot\OneDrive\Documents\5SEM-CP\DL\Deep_Learning\CP\data\raw\fashioniq\toptee\B000PZRN8C.jpg,19b64e2195c8f918a6e43b358336af07,2
toptee,B00CXJN9FE,C:\Users\selot\OneDrive\Documents\5SEM-CP\DL\Deep_Learning\CP\data\raw\fashioniq\toptee\B00CXJN9FE.jpg,1a2ab626adef8652acb2ca357251024a,2
toptee,B00CXJN9FY,C:\Users\selot\OneDrive\Documents\5SEM-CP\DL\Deep_Learning\CP\data\raw\fashioniq\toptee\B00CXJN9FY.jpg,1a2ab626adef8652acb2ca357251024a,2
toptee,B000VYQY00,C:\Users\selot\OneDrive\Documents\5SEM-CP\DL\Deep_Learning\CP\data\raw\fashioniq\toptee\B000VYQY00.jpg,274debcf7d3ad41453248279d4532554,2
toptee,B000VYQY0A,C:\Users\selot\OneDrive\Documents\5SEM-CP\DL\Deep_Learning\CP\data\raw\fashioniq\toptee\B000VYQY0A.jpg,274debcf7d3ad41453248279d4532554,2
toptee,B001CEVAEI,C:\Users\selot\OneDrive\Documents\5SEM-CP\DL\Deep_Learning\CP\data\raw\fashioniq\toptee\B001CEVAEI.jpg,2d5fca36abc05ae9db2c5b8aedd70db6,2
toptee,B001CF099Y,C:\Users\selot\OneDrive\Documents\5SEM-CP\DL\Deep_Learning\CP\data\raw\fashioniq\toptee\B001CF099Y.jpg,2d5fca36abc05ae9db2c5b8aedd70db6,2
toptee,B0070VYID2,C:\Users\selot\OneDrive\Documents\5SEM-CP\DL\Deep_Learning\CP\data\raw\fashioniq\toptee\B0070VYID2.jpg,308cc084fc93b60a92d034d152b07d12,2
toptee,B0070W0TRA,C:\Users\selot\OneDrive\Documents\5SEM-CP\DL\Deep_Learning\CP\data\raw\fashioniq\toptee\B0070W0TRA.jpg,308cc084fc93b60a92d034d152b07d12,2
toptee,B00CM9K0OS,C:\Users\selot\OneDrive\Documents\5SEM-CP\DL\Deep_Learning\CP\data\raw\fashioniq\toptee\B00CM9K0OS.jpg,36156889d28379905c67dea7404bf720,2
toptee,B00CM9K368,C:\Users\selot\OneDrive\Documents\5SEM-CP\DL\Deep_Learning\CP\data\raw\fashioniq\toptee\B00CM9K368.jpg,36156889d28379905c67dea7404bf720,2
toptee,B001T6UGLC,C:\Users\selot\OneDrive\Documents\5SEM-CP\DL\Deep_Learning\CP\data\raw\fashioniq\toptee\B001T6UGLC.jpg,3d8bbb8f2f51a10a1ee8185f04ecbf93,2
toptee,B00BSE0I3G,C:\Users\selot\OneDrive\Documents\5SEM-CP\DL\Deep_Learning\CP\data\raw\fashioniq\toptee\B00BSE0I3G.jpg,3d8bbb8f2f51a10a1ee8185f04ecbf93,2
toptee,B008LV1A90,C:\Users\selot\OneDrive\Documents\5SEM-CP\DL\Deep_Learning\CP\data\raw\fashioniq\toptee\B008LV1A90.jpg,49a75a62c7561437e861c34fa49f1b9b,2
toptee,B008LV1ATU,C:\Users\selot\OneDrive\Documents\5SEM-CP\DL\Deep_Learning\CP\data\raw\fashioniq\toptee\B008LV1ATU.jpg,49a75a62c7561437e861c34fa49f1b9b,2
toptee,B008YYB300,C:\Users\selot\OneDrive\Documents\5SEM-CP\DL\Deep_Learning\CP\data\raw\fashioniq\toptee\B008YYB300.jpg,5515dde134c86b875aec2c84451dbf4b,2
toptee,B008YYBSE6,C:\Users\selot\OneDrive\Documents\5SEM-CP\DL\Deep_Learning\CP\data\raw\fashioniq\toptee\B008YYBSE6.jpg,5515dde134c86b875aec2c84451dbf4b,2
toptee,B006U228L6,C:\Users\selot\OneDrive\Documents\5SEM-CP\DL\Deep_Learning\CP\data\raw\fashioniq\toptee\B006U228L6.jpg,56eb125d52ba11b7309699cc2430dddf,2
toptee,B006U228V6,C:\Users\selot\OneDrive\Documents\5SEM-CP\DL\Deep_Learning\CP\data\raw\fashioniq\toptee\B006U228V6.jpg,56eb125d52ba11b7309699cc2430dddf,2
toptee,B009S5YA18,C:\Users\selot\OneDrive\Documents\5SEM-CP\DL\Deep_Learning\CP\data\raw\fashioniq\toptee\B009S5YA18.jpg,59bf6e7c3bf1c778914c2b9162590274,2
toptee,B009S5YA2M,C:\Users\selot\OneDrive\Documents\5SEM-CP\DL\Deep_Learning\CP\data\raw\fashioniq\toptee\B009S5YA2M.jpg,59bf6e7c3bf1c778914c2b9162590274,2
toptee,B000JR8TK2,C:\Users\selot\OneDrive\Documents\5SEM-CP\DL\Deep_Learning\CP\data\raw\fashioniq\toptee\B000JR8TK2.jpg,621b09782439a2b442c9a9ced8c680ea,2
toptee,B000JR9H3U,C:\Users\selot\OneDrive\Documents\5SEM-CP\DL\Deep_Learning\CP\data\raw\fashioniq\toptee\B000JR9H3U.jpg,621b09782439a2b442c9a9ced8c680ea,2
toptee,B006KXI8DW,C:\Users\selot\OneDrive\Documents\5SEM-CP\DL\Deep_Learning\CP\data\raw\fashioniq\toptee\B006KXI8DW.jpg,62af130d472ddcccb384aded6b54f479,2
toptee,B006KXI8LO,C:\Users\selot\OneDrive\Documents\5SEM-CP\DL\Deep_Learning\CP\data\raw\fashioniq\toptee\B006KXI8LO.jpg,62af130d472ddcccb384aded6b54f479,2
toptee,B005OZN0LM,C:\Users\selot\OneDrive\Documents\5SEM-CP\DL\Deep_Learning\CP\data\raw\fashioniq\toptee\B005OZN0LM.jpg,667d34d6eb60220ff83db1a09d1d2711,2
toptee,B005PXGRMW,C:\Users\selot\OneDrive\Documents\5SEM-CP\DL\Deep_Learning\CP\data\raw\fashioniq\toptee\B005PXGRMW.jpg,667d34d6eb60220ff83db1a09d1d2711,2
toptee,B005S6YGI8,C:\Users\selot\OneDrive\Documents\5SEM-CP\DL\Deep_Learning\CP\data\raw\fashioniq\toptee\B005S6YGI8.jpg,698155b8ef048e616e7f792ffe4dfa35,2
toptee,B005S6YGO2,C:\Users\selot\OneDrive\Documents\5SEM-CP\DL\Deep_Learning\CP\data\raw\fashioniq\toptee\B005S6YGO2.jpg,698155b8ef048e616e7f792ffe4dfa35,2
toptee,B006VE9TME,C:\Users\selot\OneDrive\Documents\5SEM-CP\DL\Deep_Learning\CP\data\raw\fashioniq\toptee\B006VE9TME.jpg,75ab24367a63fcf452f22f393468f2b0,2
toptee,B006VFL28M,C:\Users\selot\OneDrive\Documents\5SEM-CP\DL\Deep_Learning\CP\data\raw\fashioniq\toptee\B006VFL28M.jpg,75ab24367a63fcf452f22f393468f2b0,2
toptee,B00AW83JLM,C:\Users\selot\OneDrive\Documents\5SEM-CP\DL\Deep_Learning\CP\data\raw\fashioniq\toptee\B00AW83JLM.jpg,7a2520a2a24bc62a80bf3e138819362c,2
toptee,B00AW83K2U,C:\Users\selot\OneDrive\Documents\5SEM-CP\DL\Deep_Learning\CP\data\raw\fashioniq\toptee\B00AW83K2U.jpg,7a2520a2a24bc62a80bf3e138819362c,2
toptee,B008YGCJXS,C:\Users\selot\OneDrive\Documents\5SEM-CP\DL\Deep_Learning\CP\data\raw\fashioniq\toptee\B008YGCJXS.jpg,816908c000e92fe2ce5dfbf5bbadb9be,2
toptee,B008YGEOOA,C:\Users\selot\OneDrive\Documents\5SEM-CP\DL\Deep_Learning\CP\data\raw\fashioniq\toptee\B008YGEOOA.jpg,816908c000e92fe2ce5dfbf5bbadb9be,2
toptee,B008MBKQHG,C:\Users\selot\OneDrive\Documents\5SEM-CP\DL\Deep_Learning\CP\data\raw\fashioniq\toptee\B008MBKQHG.jpg,87553edc05115b7f85c0b00f80752ee8,2
toptee,B008MBKRIE,C:\Users\selot\OneDrive\Documents\5SEM-CP\DL\Deep_Learning\CP\data\raw\fashioniq\toptee\B008MBKRIE.jpg,87553edc05115b7f85c0b00f80752ee8,2
toptee,B002ZZ7ZWE,C:\Users\selot\OneDrive\Documents\5SEM-CP\DL\Deep_Learning\CP\data\raw\fashioniq\toptee\B002ZZ7ZWE.jpg,8999c9ebbe96dc1ceff262f8e3c0d9ec,2
toptee,B002ZZDDF2,C:\Users\selot\OneDrive\Documents\5SEM-CP\DL\Deep_Learning\CP\data\raw\fashioniq\toptee\B002ZZDDF2.jpg,8999c9ebbe96dc1ceff262f8e3c0d9ec,2
toptee,B0087CHN44,C:\Users\selot\OneDrive\Documents\5SEM-CP\DL\Deep_Learning\CP\data\raw\fashioniq\toptee\B0087CHN44.jpg,8eae7456bd6502f542b9bf44478626fa,2
toptee,B0087D7O8I,C:\Users\selot\OneDrive\Documents\5SEM-CP\DL\Deep_Learning\CP\data\raw\fashioniq\toptee\B0087D7O8I.jpg,8eae7456bd6502f542b9bf44478626fa,2
toptee,B004MC97P6,C:\Users\selot\OneDrive\Documents\5SEM-CP\DL\Deep_Learning\CP\data\raw\fashioniq\toptee\B004MC97P6.jpg,937c97a08e2739800b08c50ba74101d3,2
toptee,B005I66VBS,C:\Users\selot\OneDrive\Documents\5SEM-CP\DL\Deep_Learning\CP\data\raw\fashioniq\toptee\B005I66VBS.jpg,937c97a08e2739800b08c50ba74101d3,2
toptee,B00E678ZPU,C:\Users\selot\OneDrive\Documents\5SEM-CP\DL\Deep_Learning\CP\data\raw\fashioniq\toptee\B00E678ZPU.jpg,a62ab5602ab06df801c90004feb7b50d,2
toptee,B00E6790AY,C:\Users\selot\OneDrive\Documents\5SEM-CP\DL\Deep_Learning\CP\data\raw\fashioniq\toptee\B00E6790AY.jpg,a62ab5602ab06df801c90004feb7b50d,2
toptee,B0084E7534,C:\Users\selot\OneDrive\Documents\5SEM-CP\DL\Deep_Learning\CP\data\raw\fashioniq\toptee\B0084E7534.jpg,b267f48607710f2dadc39d7086ee8b7c,2
toptee,B0084E7A48,C:\Users\selot\OneDrive\Documents\5SEM-CP\DL\Deep_Learning\CP\data\raw\fashioniq\toptee\B0084E7A48.jpg,b267f48607710f2dadc39d7086ee8b7c,2
toptee,B008QQH51W,C:\Users\selot\OneDrive\Documents\5SEM-CP\DL\Deep_Learning\CP\data\raw\fashioniq\toptee\B008QQH51W.jpg,b3209bddd9b4fd048614731522eb82da,2
toptee,B008QQH5AI,C:\Users\selot\OneDrive\Documents\5SEM-CP\DL\Deep_Learning\CP\data\raw\fashioniq\toptee\B008QQH5AI.jpg,b3209bddd9b4fd048614731522eb82da,2
toptee,B004U42Y2O,C:\Users\selot\OneDrive\Documents\5SEM-CP\DL\Deep_Learning\CP\data\raw\fashioniq\toptee\B004U42Y2O.jpg,c0c681c6fb7014fe6e568bf0c7788451,2
toptee,B00CX3EO7W,C:\Users\selot\OneDrive\Documents\5SEM-CP\DL\Deep_Learning\CP\data\raw\fashioniq\toptee\B00CX3EO7W.jpg,c0c681c6fb7014fe6e568bf0c7788451,2
toptee,B003NYUDMA,C:\Users\selot\OneDrive\Documents\5SEM-CP\DL\Deep_Learning\CP\data\raw\fashioniq\toptee\B003NYUDMA.jpg,c5230dbfa5448f2d42bba3d9795054f4,2
toptee,B003NYUDOI,C:\Users\selot\OneDrive\Documents\5SEM-CP\DL\Deep_Learning\CP\data\raw\fashioniq\toptee\B003NYUDOI.jpg,c5230dbfa5448f2d42bba3d9795054f4,2
toptee,B000YVGT46,C:\Users\selot\OneDrive\Documents\5SEM-CP\DL\Deep_Learning\CP\data\raw\fashioniq\toptee\B000YVGT46.jpg,c66e03a06e6eb81ec3975234d89eb71b,2
toptee,B000YVKMC6,C:\Users\selot\OneDrive\Documents\5SEM-CP\DL\Deep_Learning\CP\data\raw\fashioniq\toptee\B000YVKMC6.jpg,c66e03a06e6eb81ec3975234d89eb71b,2
toptee,B008595MDI,C:\Users\selot\OneDrive\Documents\5SEM-CP\DL\Deep_Learning\CP\data\raw\fashioniq\toptee\B008595MDI.jpg,c9dae5cd45b05f71262eb29af48f26af,2
toptee,B00A78X7GY,C:\Users\selot\OneDrive\Documents\5SEM-CP\DL\Deep_Learning\CP\data\raw\fashioniq\toptee\B00A78X7GY.jpg,c9dae5cd45b05f71262eb29af48f26af,2
toptee,B005R4A1O4,C:\Users\selot\OneDrive\Documents\5SEM-CP\DL\Deep_Learning\CP\data\raw\fashioniq\toptee\B005R4A1O4.jpg,d07116bc56ed00d377213f08bed0c61b,2
toptee,B006LWGZGO,C:\Users\selot\OneDrive\Documents\5SEM-CP\DL\Deep_Learning\CP\data\raw\fashioniq\toptee\B006LWGZGO.jpg,d07116bc56ed00d377213f08bed0c61b,2
toptee,B00ADM1UD6,C:\Users\selot\OneDrive\Documents\5SEM-CP\DL\Deep_Learning\CP\data\raw\fashioniq\toptee\B00ADM1UD6.jpg,d81a56b181ca7b8202df3aec59b5259f,2
toptee,B00ADM1W0M,C:\Users\selot\OneDrive\Documents\5SEM-CP\DL\Deep_Learning\CP\data\raw\fashioniq\toptee\B00ADM1W0M.jpg,d81a56b181ca7b8202df3aec59b5259f,2
toptee,B008TWFHJ0,C:\Users\selot\OneDrive\Documents\5SEM-CP\DL\Deep_Learning\CP\data\raw\fashioniq\toptee\B008TWFHJ0.jpg,e0bf3d76629f53bb2176be46abfabb35,2
toptee,B009Z3Z71A,C:\Users\selot\OneDrive\Documents\5SEM-CP\DL\Deep_Learning\CP\data\raw\fashioniq\toptee\B009Z3Z71A.jpg,e0bf3d76629f53bb2176be46abfabb35,2
toptee,B007W50XF8,C:\Users\selot\OneDrive\Documents\5SEM-CP\DL\Deep_Learning\CP\data\raw\fashioniq\toptee\B007W50XF8.jpg,e34e280f7a6c46c48ec2f7579c01ecd0,2
toptee,B007Y3CJMI,C:\Users\selot\OneDrive\Documents\5SEM-CP\DL\Deep_Learning\CP\data\raw\fashioniq\toptee\B007Y3CJMI.jpg,e34e280f7a6c46c48ec2f7579c01ecd0,2
toptee,B008LV14OG,C:\Users\selot\OneDrive\Documents\5SEM-CP\DL\Deep_Learning\CP\data\raw\fashioniq\toptee\B008LV14OG.jpg,e89c17a17d8b3bd3ae0359ce34c9e76f,2
toptee,B008LV15RM,C:\Users\selot\OneDrive\Documents\5SEM-CP\DL\Deep_Learning\CP\data\raw\fashioniq\toptee\B008LV15RM.jpg,e89c17a17d8b3bd3ae0359ce34c9e76f,2
toptee,B00EI4GWNI,C:\Users\selot\OneDrive\Documents\5SEM-CP\DL\Deep_Learning\CP\data\raw\fashioniq\toptee\B00EI4GWNI.jpg,fb8ef30cd6c9d6b14679ec3f3c8f6c22,2
toptee,B00EI4GWOC,C:\Users\selot\OneDrive\Documents\5SEM-CP\DL\Deep_Learning\CP\data\raw\fashioniq\toptee\B00EI4GWOC.jpg,fb8ef30cd6c9d6b14679ec3f3c8f6c22,2
