duplicate_group_id,category,asin,md5,group_size
dress::02fad00eb4baba1e60f727e697e36cd7,dress,B00AKTTX8G,02fad00eb4baba1e60f727e697e36cd7,2
dress::02fad00eb4baba1e60f727e697e36cd7,dress,B00ANKY5O4,02fad00eb4baba1e60f727e697e36cd7,2
dress::0481a25531d008222e2b5187e814deda,dress,B008BBCRIS,0481a25531d008222e2b5187e814deda,2
dress::0481a25531d008222e2b5187e814deda,dress,B008BBCV84,0481a25531d008222e2b5187e814deda,2
dress::0806441bc6a23f922948c52bf8e022ab,dress,B00C4OMRUQ,0806441bc6a23f922948c52bf8e022ab,2
dress::0806441bc6a23f922948c52bf8e022ab,dress,B00C4OMS00,0806441bc6a23f922948c52bf8e022ab,2
dress::0b7d5865e3f10e09d350b110cd22f6e5,dress,B00AKQBDKU,0b7d5865e3f10e09d350b110cd22f6e5,3
dress::0b7d5865e3f10e09d350b110cd22f6e5,dress,B00BTDROGU,0b7d5865e3f10e09d350b110cd22f6e5,3
dress::0b7d5865e3f10e09d350b110cd22f6e5,dress,B00BTDS338,0b7d5865e3f10e09d350b110cd22f6e5,3
dress::0b8b8a7a51c46cdadd6d923d92cb2a24,dress,B00967K04O,0b8b8a7a51c46cdadd6d923d92cb2a24,8
dress::0b8b8a7a51c46cdadd6d923d92cb2a24,dress,B00ANK75LO,0b8b8a7a51c46cdadd6d923d92cb2a24,8
dress::0b8b8a7a51c46cdadd6d923d92cb2a24,dress,B00ANK7AVO,0b8b8a7a51c46cdadd6d923d92cb2a24,8
dress::0b8b8a7a51c46cdadd6d923d92cb2a24,dress,B00AO1VXOW,0b8b8a7a51c46cdadd6d923d92cb2a24,8
dress::0b8b8a7a51c46cdadd6d923d92cb2a24,dress,B00BTPUIJ8,0b8b8a7a51c46cdadd6d923d92cb2a24,8
dress::0b8b8a7a51c46cdadd6d923d92cb2a24,dress,B00BV49WYY,0b8b8a7a51c46cdadd6d923d92cb2a24,8
dress::0b8b8a7a51c46cdadd6d923d92cb2a24,dress,B00CO2O83C,0b8b8a7a51c46cdadd6d923d92cb2a24,8
dress::0b8b8a7a51c46cdadd6d923d92cb2a24,dress,B00DCTLPSM,0b8b8a7a51c46cdadd6d923d92cb2a24,8
dress::111e9191f6fdfe51682d26b79bb41469,dress,B00FKV0F8Q,111e9191f6fdfe51682d26b79bb41469,2
dress::111e9191f6fdfe51682d26b79bb41469,dress,B00FKV0FW2,111e9191f6fdfe51682d26b79bb41469,2
dress::168e84e7e44112532c5d14652a57d395,dress,B007ZDIXU4,168e84e7e44112532c5d14652a57d395,2
dress::168e84e7e44112532c5d14652a57d395,dress,B0080QPYHU,168e84e7e44112532c5d14652a57d395,2
dress::19b4717a1323c51951aa5fdd67c911ce,dress,B00A3UTF58,19b4717a1323c51951aa5fdd67c911ce,2
dress::19b4717a1323c51951aa5fdd67c911ce,dress,B00A3UTL20,19b4717a1323c51951aa5fdd67c911ce,2
dress::1d26e2658b828af82e6e24788b35b3bb,dress,B007ZYSBKU,1d26e2658b828af82e6e24788b35b3bb,2
dress::1d26e2658b828af82e6e24788b35b3bb,dress,B007ZYSFQU,1d26e2658b828af82e6e24788b35b3bb,2
dress::1de73365f939e2b135d495bcb02d1d5b,dress,B007CVURMQ,1de73365f939e2b135d495bcb02d1d5b,2
dress::1de73365f939e2b135d495bcb02d1d5b,dress,B007CVUSH0,1de73365f939e2b135d495bcb02d1d5b,2
dress::1e875bb6bad93d41a59ad14528cf23d3,dress,B008YR066O,1e875bb6bad93d41a59ad14528cf23d3,2
dress::1e875bb6bad93d41a59ad14528cf23d3,dress,B008YR07D6,1e875bb6bad93d41a59ad14528cf23d3,2
dress::267323a7942b1258c700544f4301bc40,dress,B00C5W163G,267323a7942b1258c700544f4301bc40,3
dress::267323a7942b1258c700544f4301bc40,dress,B00C5W165O,267323a7942b1258c700544f4301bc40,3
dress::267323a7942b1258c700544f4301bc40,dress,B00C5W1668,267323a7942b1258c700544f4301bc40,3
dress::278853a8338a06e87af6d355806a2123,dress,B005TEO7V0,278853a8338a06e87af6d355806a2123,2
dress::278853a8338a06e87af6d355806a2123,dress,B007M4KYK8,278853a8338a06e87af6d355806a2123,2
dress::2f1ed9ef85c21ea811468661d1aa70e6,dress,B00B0E2BK2,2f1ed9ef85c21ea811468661d1aa70e6,2
dress::2f1ed9ef85c21ea811468661d1aa70e6,dress,B00B0E2Y8G,2f1ed9ef85c21ea811468661d1aa70e6,2
dress::2f93d5115c85d55098f3becff04f2cd7,dress,B00D8RZKJ8,2f93d5115c85d55098f3becff04f2cd7,3
dress::2f93d5115c85d55098f3becff04f2cd7,dress,B00D8RZKNY,2f93d5115c85d55098f3becff04f2cd7,3
dress::2f93d5115c85d55098f3becff04f2cd7,dress,B00D8RZKPC,2f93d5115c85d55098f3becff04f2cd7,3
dress::306fec97b99ffda82a576c21f88615e2,dress,B00A3UT82I,306fec97b99ffda82a576c21f88615e2,2
dress::306fec97b99ffda82a576c21f88615e2,dress,B00A3UTD5U,306fec97b99ffda82a576c21f88615e2,2
dress::3babf685582bbbbc8b4791cad3420ea1,dress,B00EEQOEXU,3babf685582bbbbc8b4791cad3420ea1,2
dress::3babf685582bbbbc8b4791cad3420ea1,dress,B00EEQOF2A,3babf685582bbbbc8b4791cad3420ea1,2
dress::42ff715259111249c2a70d747b36ce22,dress,B00FI0LTXO,42ff715259111249c2a70d747b36ce22,4
dress::42ff715259111249c2a70d747b36ce22,dress,B00FI0LUCY,42ff715259111249c2a70d747b36ce22,4
dress::42ff715259111249c2a70d747b36ce22,dress,B00FI0LUII,42ff715259111249c2a70d747b36ce22,4
dress::42ff715259111249c2a70d747b36ce22,dress,B00FI0LV64,42ff715259111249c2a70d747b36ce22,4
dress::447678ded2df6e19896349769f380bfd,dress,B00A88ZTNW,447678ded2df6e19896349769f380bfd,9
dress::447678ded2df6e19896349769f380bfd,dress,B00A8E8K1Y,447678ded2df6e19896349769f380bfd,9
dress::447678ded2df6e19896349769f380bfd,dress,B00A8E8Z1E,447678ded2df6e19896349769f380bfd,9
dress::447678ded2df6e19896349769f380bfd,dress,B00APYBNR0,447678ded2df6e19896349769f380bfd,9
dress::447678ded2df6e19896349769f380bfd,dress,B00APYBNVQ,447678ded2df6e19896349769f380bfd,9
dress::447678ded2df6e19896349769f380bfd,dress,B00AYWXFLK,447678ded2df6e19896349769f380bfd,9
dress::447678ded2df6e19896349769f380bfd,dress,B00AYWXTES,447678ded2df6e19896349769f380bfd,9
dress::447678ded2df6e19896349769f380bfd,dress,B00CQ09L3E,447678ded2df6e19896349769f380bfd,9
dress::447678ded2df6e19896349769f380bfd,dress,B00DOX8KE8,447678ded2df6e19896349769f380bfd,9
dress::4a10587c250541192887810390fcf983,dress,B00792IPOA,4a10587c250541192887810390fcf983,2
dress::4a10587c250541192887810390fcf983,dress,B00792JNQO,4a10587c250541192887810390fcf983,2
dress::4b7c701d7eaa75ae3965b3c9dcf278fa,dress,B00A3UTGMK,4b7c701d7eaa75ae3965b3c9dcf278fa,2
dress::4b7c701d7eaa75ae3965b3c9dcf278fa,dress,B00A3UTOTU,4b7c701d7eaa75ae3965b3c9dcf278fa,2
dress::5199da2b3bdd34fa43800ff6d8e7607d,dress,B0015PWIMC,5199da2b3bdd34fa43800ff6d8e7607d,5
dress::5199da2b3bdd34fa43800ff6d8e7607d,dress,B00AW4BUTY,5199da2b3bdd34fa43800ff6d8e7607d,5
dress::5199da2b3bdd34fa43800ff6d8e7607d,dress,B00B3PUFX8,5199da2b3bdd34fa43800ff6d8e7607d,5
dress::5199da2b3bdd34fa43800ff6d8e7607d,dress,B00BB7FJRU,5199da2b3bdd34fa43800ff6d8e7607d,5
dress::5199da2b3bdd34fa43800ff6d8e7607d,dress,B00CAKLPLG,5199da2b3bdd34fa43800ff6d8e7607d,5
dress::51f0c588f56fb0505499afee21e1b498,dress,B007WFFGZU,51f0c588f56fb0505499afee21e1b498,2
dress::51f0c588f56fb0505499afee21e1b498,dress,B00C5TLSXC,51f0c588f56fb0505499afee21e1b498,2
dress::543a825eb7c0639de071ea02516f0ba8,dress,B00APSRI0M,543a825eb7c0639de071ea02516f0ba8,2
dress::543a825eb7c0639de071ea02516f0ba8,dress,B00AYCL55S,543a825eb7c0639de071ea02516f0ba8,2
dress::56ac29a2562a159330dfdf77af7a27c2,dress,B00ALTB0PY,56ac29a2562a159330dfdf77af7a27c2,10
dress::56ac29a2562a159330dfdf77af7a27c2,dress,B00B191I4G,56ac29a2562a159330dfdf77af7a27c2,10
dress::56ac29a2562a159330dfdf77af7a27c2,dress,B00B2JHHBS,56ac29a2562a159330dfdf77af7a27c2,10
dress::56ac29a2562a159330dfdf77af7a27c2,dress,B00BFPGCYM,56ac29a2562a159330dfdf77af7a27c2,10
dress::56ac29a2562a159330dfdf77af7a27c2,dress,B00BKU92T4,56ac29a2562a159330dfdf77af7a27c2,10
dress::56ac29a2562a159330dfdf77af7a27c2,dress,B00BYOWGSK,56ac29a2562a159330dfdf77af7a27c2,10
dress::56ac29a2562a159330dfdf77af7a27c2,dress,B00C3CUPQW,56ac29a2562a159330dfdf77af7a27c2,10
dress::56ac29a2562a159330dfdf77af7a27c2,dress,B00CFXU7TY,56ac29a2562a159330dfdf77af7a27c2,10
dress::56ac29a2562a159330dfdf77af7a27c2,dress,B00DW5EXBM,56ac29a2562a159330dfdf77af7a27c2,10
dress::56ac29a2562a159330dfdf77af7a27c2,dress,B00EU9E3ZK,56ac29a2562a159330dfdf77af7a27c2,10
dress::5ac57070f89d3829489e9d430c13e7fe,dress,B00CTRSDJC,5ac57070f89d3829489e9d430c13e7fe,2
dress::5ac57070f89d3829489e9d430c13e7fe,dress,B00FFBEY88,5ac57070f89d3829489e9d430c13e7fe,2
dress::5b480acef7c4ee0db76123c227b06023,dress,B005GQPE5E,5b480acef7c4ee0db76123c227b06023,2
dress::5b480acef7c4ee0db76123c227b06023,dress,B005GQPE5Y,5b480acef7c4ee0db76123c227b06023,2
dress::61f36816dd36c0dee246815b125469ba,dress,B00BJGNAIS,61f36816dd36c0dee246815b125469ba,2
dress::61f36816dd36c0dee246815b125469ba,dress,B00E9R4BQ4,61f36816dd36c0dee246815b125469ba,2
dress::6200df6890aad15f57067634be6c14af,dress,B00BFAWNP4,6200df6890aad15f57067634be6c14af,2
dress::6200df6890aad15f57067634be6c14af,dress,B00BRBCKW2,6200df6890aad15f57067634be6c14af,2
dress::643266a13c339319c42bd371b83369ff,dress,B00BNV78ZK,643266a13c339319c42bd371b83369ff,2
dress::643266a13c339319c42bd371b83369ff,dress,B00CGJZJ22,643266a13c339319c42bd371b83369ff,2
dress::6897f5a26cffeb53ba34e57d1c1466dc,dress,B004HWWJZ6,6897f5a26cffeb53ba34e57d1c1466dc,2
dress::6897f5a26cffeb53ba34e57d1c1466dc,dress,B004HWYHVA,6897f5a26cffeb53ba34e57d1c1466dc,2
dress::6b8adc71ac333a223fed9f411696dc02,dress,B005X5RPA0,6b8adc71ac333a223fed9f411696dc02,2
dress::6b8adc71ac333a223fed9f411696dc02,dress,B005X6OV0G,6b8adc71ac333a223fed9f411696dc02,2
dress::6cd777c5fb333ac2b013a42a2e22a0f2,dress,B00DU7WDMS,6cd777c5fb333ac2b013a42a2e22a0f2,3
dress::6cd777c5fb333ac2b013a42a2e22a0f2,dress,B00DU7WDUK,6cd777c5fb333ac2b013a42a2e22a0f2,3
dress::6cd777c5fb333ac2b013a42a2e22a0f2,dress,B00DU7WE5E,6cd777c5fb333ac2b013a42a2e22a0f2,3
dress::6d728277199c41c24a97288c45d23d54,dress,B00BYN092Q,6d728277199c41c24a97288c45d23d54,2
dress::6d728277199c41c24a97288c45d23d54,dress,B00DOX4HOA,6d728277199c41c24a97288c45d23d54,2
dress::71e7b0fab4ed5832890cbf2aa8e243e4,dress,B00AZYXPDA,71e7b0fab4ed5832890cbf2aa8e243e4,2
dress::71e7b0fab4ed5832890cbf2aa8e243e4,dress,B00AZYXWA6,71e7b0fab4ed5832890cbf2aa8e243e4,2
dress::72dc71bda0606a9e7d8296bd4912188b,dress,B00AK9KZSI,72dc71bda0606a9e7d8296bd4912188b,3
dress::72dc71bda0606a9e7d8296bd4912188b,dress,B00APG4A32,72dc71bda0606a9e7d8296bd4912188b,3
dress::72dc71bda0606a9e7d8296bd4912188b,dress,B00AQCICS4,72dc71bda0606a9e7d8296bd4912188b,3
dress::72fe76e91bb1c862c84f0e550c2940c4,dress,B009GGWYO4,72fe76e91bb1c862c84f0e550c2940c4,2
dress::72fe76e91bb1c862c84f0e550c2940c4,dress,B009GGWZHA,72fe76e91bb1c862c84f0e550c2940c4,2
dress::73058df8b31bbb5dd9ec4a79aa6d0738,dress,B0080E699O,73058df8b31bbb5dd9ec4a79aa6d0738,2
dress::73058df8b31bbb5dd9ec4a79aa6d0738,dress,B00EZK65TQ,73058df8b31bbb5dd9ec4a79aa6d0738,2
dress::77ea3e7b2091735e03b17e0fec91905b,dress,B0087CI62W,77ea3e7b2091735e03b17e0fec91905b,2
dress::77ea3e7b2091735e03b17e0fec91905b,dress,B008I27TGU,77ea3e7b2091735e03b17e0fec91905b,2
dress::7cc2e71d6c20cf6dd5f3d0f591c35c32,dress,B00ALSQNZC,7cc2e71d6c20cf6dd5f3d0f591c35c32,18
dress::7cc2e71d6c20cf6dd5f3d0f591c35c32,dress,B00AOHEVDG,7cc2e71d6c20cf6dd5f3d0f591c35c32,18
dress::7cc2e71d6c20cf6dd5f3d0f591c35c32,dress,B00AU1U4PA,7cc2e71d6c20cf6dd5f3d0f591c35c32,18
dress::7cc2e71d6c20cf6dd5f3d0f591c35c32,dress,B00AYXA47W,7cc2e71d6c20cf6dd5f3d0f591c35c32,18
dress::7cc2e71d6c20cf6dd5f3d0f591c35c32,dress,B00BDGE222,7cc2e71d6c20cf6dd5f3d0f591c35c32,18
dress::7cc2e71d6c20cf6dd5f3d0f591c35c32,dress,B00BIY38OM,7cc2e71d6c20cf6dd5f3d0f591c35c32,18
dress::7cc2e71d6c20cf6dd5f3d0f591c35c32,dress,B00BSNJT7S,7cc2e71d6c20cf6dd5f3d0f591c35c32,18
dress::7cc2e71d6c20cf6dd5f3d0f591c35c32,dress,B00BXXNMGW,7cc2e71d6c20cf6dd5f3d0f591c35c32,18
dress::7cc2e71d6c20cf6dd5f3d0f591c35c32,dress,B00C70IBXO,7cc2e71d6c20cf6dd5f3d0f591c35c32,18
dress::7cc2e71d6c20cf6dd5f3d0f591c35c32,dress,B00CIQD646,7cc2e71d6c20cf6dd5f3d0f591c35c32,18
dress::7cc2e71d6c20cf6dd5f3d0f591c35c32,dress,B00CIQDHJU,7cc2e71d6c20cf6dd5f3d0f591c35c32,18
dress::7cc2e71d6c20cf6dd5f3d0f591c35c32,dress,B00CIQDS08,7cc2e71d6c20cf6dd5f3d0f591c35c32,18
dress::7cc2e71d6c20cf6dd5f3d0f591c35c32,dress,B00CIQE186,7cc2e71d6c20cf6dd5f3d0f591c35c32,18
dress::7cc2e71d6c20cf6dd5f3d0f591c35c32,dress,B00CIQFIAG,7cc2e71d6c20cf6dd5f3d0f591c35c32,18
dress::7cc2e71d6c20cf6dd5f3d0f591c35c32,dress,B00CWZSI1O,7cc2e71d6c20cf6dd5f3d0f591c35c32,18
dress::7cc2e71d6c20cf6dd5f3d0f591c35c32,dress,B00DECZ03S,7cc2e71d6c20cf6dd5f3d0f591c35c32,18
dress::7cc2e71d6c20cf6dd5f3d0f591c35c32,dress,B00DM2H6EQ,7cc2e71d6c20cf6dd5f3d0f591c35c32,18
dress::7cc2e71d6c20cf6dd5f3d0f591c35c32,dress,B00E0WP2Y8,7cc2e71d6c20cf6dd5f3d0f591c35c32,18
dress::80c71b1852120b06f64dc7138975c684,dress,B00D8RZKP2,80c71b1852120b06f64dc7138975c684,2
dress::80c71b1852120b06f64dc7138975c684,dress,B00D8RZKTS,80c71b1852120b06f64dc7138975c684,2
dress::8571971346edcd1d5a72434cffe1eaa4,dress,B00C40T5DC,8571971346edcd1d5a72434cffe1eaa4,2
dress::8571971346edcd1d5a72434cffe1eaa4,dress,B00DURZ7BW,8571971346edcd1d5a72434cffe1eaa4,2
dress::892181d8f176ca3c3bbb92609443baf6,dress,B00D860T5O,892181d8f176ca3c3bbb92609443baf6,2
dress::892181d8f176ca3c3bbb92609443baf6,dress,B00FHVHTF6,892181d8f176ca3c3bbb92609443baf6,2
dress::8a4de43149ef1968bf9d8149ac1002c5,dress,B007WAU1FU,8a4de43149ef1968bf9d8149ac1002c5,2
dress::8a4de43149ef1968bf9d8149ac1002c5,dress,B008P7ZH1M,8a4de43149ef1968bf9d8149ac1002c5,2
dress::8c6c0099e6f0a425981e967f5fc3a790,dress,B008YQXFBI,8c6c0099e6f0a425981e967f5fc3a790,2
dress::8c6c0099e6f0a425981e967f5fc3a790,dress,B008YQXJFU,8c6c0099e6f0a425981e967f5fc3a790,2
dress::908f40887120089b122338bdbb16896a,dress,B00DBMI3OY,908f40887120089b122338bdbb16896a,2
dress::908f40887120089b122338bdbb16896a,dress,B00DBMI43O,908f40887120089b122338bdbb16896a,2
dress::93de55f5296622cad44f1ff897fa8ede,dress,B009ESAI4M,93de55f5296622cad44f1ff897fa8ede,2
dress::93de55f5296622cad44f1ff897fa8ede,dress,B009ESAKHC,93de55f5296622cad44f1ff897fa8ede,2
dress::94683b6187760610db1e4a40a3f9141b,dress,B00FCEF00O,94683b6187760610db1e4a40a3f9141b,2
dress::94683b6187760610db1e4a40a3f9141b,dress,B00FQPJWRG,94683b6187760610db1e4a40a3f9141b,2
dress::96f3f9e7fe3d59586e40e514dcf0a15f,dress,B00BT8N1BC,96f3f9e7fe3d59586e40e514dcf0a15f,3
dress::96f3f9e7fe3d59586e40e514dcf0a15f,dress,B00BT8N1D0,96f3f9e7fe3d59586e40e514dcf0a15f,3
dress::96f3f9e7fe3d59586e40e514dcf0a15f,dress,B00BT919G0,96f3f9e7fe3d59586e40e514dcf0a15f,3
dress::a644ff45561e0c1bbba4b98cfe455cb8,dress,B00DLWNPWY,a644ff45561e0c1bbba4b98cfe455cb8,2
dress::a644ff45561e0c1bbba4b98cfe455cb8,dress,B00DLWNQXC,a644ff45561e0c1bbba4b98cfe455cb8,2
dress::a7520880ab6510a40c5c404f216cf081,dress,B00CTLHJFM,a7520880ab6510a40c5c404f216cf081,2
dress::a7520880ab6510a40c5c404f216cf081,dress,B00EWKABB2,a7520880ab6510a40c5c404f216cf081,2
dress::a9696fc64d4ebc580838b4b6fd7ce22d,dress,B009RV9EAA,a9696fc64d4ebc580838b4b6fd7ce22d,3
dress::a9696fc64d4ebc580838b4b6fd7ce22d,dress,B009RVDEMO,a9696fc64d4ebc580838b4b6fd7ce22d,3
dress::a9696fc64d4ebc580838b4b6fd7ce22d,dress,B00C40W020,a9696fc64d4ebc580838b4b6fd7ce22d,3
dress::b2a31a5b27fc8bcd490ee1a78abd52a7,dress,B00ALT38KE,b2a31a5b27fc8bcd490ee1a78abd52a7,2
dress::b2a31a5b27fc8bcd490ee1a78abd52a7,dress,B00BNV7904,b2a31a5b27fc8bcd490ee1a78abd52a7,2
dress::be5d99892b13d7f927885acfa9ff8262,dress,B00AEMHLLA,be5d99892b13d7f927885acfa9ff8262,2
dress::be5d99892b13d7f927885acfa9ff8262,dress,B00AEMHMMS,be5d99892b13d7f927885acfa9ff8262,2
dress::c070ef038aff934b384119da5d09ebf1,dress,B004ZF6T60,c070ef038aff934b384119da5d09ebf1,3
dress::c070ef038aff934b384119da5d09ebf1,dress,B004ZF6TS8,c070ef038aff934b384119da5d09ebf1,3
dress::c070ef038aff934b384119da5d09ebf1,dress,B004ZF6TYC,c070ef038aff934b384119da5d09ebf1,3
dress::c15f2d998f3a38b1f5c508414cf904d5,dress,B00AKTTYFI,c15f2d998f3a38b1f5c508414cf904d5,3
dress::c15f2d998f3a38b1f5c508414cf904d5,dress,B00BQ7XLPM,c15f2d998f3a38b1f5c508414cf904d5,3
dress::c15f2d998f3a38b1f5c508414cf904d5,dress,B00CJ5O9K6,c15f2d998f3a38b1f5c508414cf904d5,3
dress::c605bbf07b3fd0a26ad10713bc790323,dress,B0060OT3E4,c605bbf07b3fd0a26ad10713bc790323,2
dress::c605bbf07b3fd0a26ad10713bc790323,dress,B00BP407TO,c605bbf07b3fd0a26ad10713bc790323,2
dress::c70dfa1e9e58c66edcbabc9c12ec4e1a,dress,B00AKO80D0,c70dfa1e9e58c66edcbabc9c12ec4e1a,2
dress::c70dfa1e9e58c66edcbabc9c12ec4e1a,dress,B00C40YH8U,c70dfa1e9e58c66edcbabc9c12ec4e1a,2
dress::caebef4263dba99922f2073eab317d42,dress,B00C97HZWI,caebef4263dba99922f2073eab317d42,2
dress::caebef4263dba99922f2073eab317d42,dress,B00EF0XQAW,caebef4263dba99922f2073eab317d42,2
dress::cba1c1cc33b39cd5d962519f449635c0,dress,B009FENAMC,cba1c1cc33b39cd5d962519f449635c0,2
dress::cba1c1cc33b39cd5d962519f449635c0,dress,B00BX8SUZU,cba1c1cc33b39cd5d962519f449635c0,2
dress::cdd29d6329d9dc3c1529ed7090eed590,dress,B00BJFE0GK,cdd29d6329d9dc3c1529ed7090eed590,2
dress::cdd29d6329d9dc3c1529ed7090eed590,dress,B00BMO2F8S,cdd29d6329d9dc3c1529ed7090eed590,2
dress::ce1f88f31b4dbb7a568876840df34d6c,dress,B00CAKLMS2,ce1f88f31b4dbb7a568876840df34d6c,2
dress::ce1f88f31b4dbb7a568876840df34d6c,dress,B00CFXUOS8,ce1f88f31b4dbb7a568876840df34d6c,2
dress::d04d910388dd369f4bfbc14f6b9e4dcd,dress,B0091GQTNQ,d04d910388dd369f4bfbc14f6b9e4dcd,2
dress::d04d910388dd369f4bfbc14f6b9e4dcd,dress,B0091GQV3E,d04d910388dd369f4bfbc14f6b9e4dcd,2
dress::d4f3a43ddad266b8393870252ecff772,dress,B00A3HL086,d4f3a43ddad266b8393870252ecff772,2
dress::d4f3a43ddad266b8393870252ecff772,dress,B00A3HL0O0,d4f3a43ddad266b8393870252ecff772,2
dress::db0832689e73eae4efd6f9558a79faa5,dress,B00AKO82FQ,db0832689e73eae4efd6f9558a79faa5,2
dress::db0832689e73eae4efd6f9558a79faa5,dress,B00AKOUZPQ,db0832689e73eae4efd6f9558a79faa5,2
dress::e361e0950f55ff2321eae966413385b4,dress,B00CI0D606,e361e0950f55ff2321eae966413385b4,2
dress::e361e0950f55ff2321eae966413385b4,dress,B00E96PV5U,e361e0950f55ff2321eae966413385b4,2
dress::eddf70446efb3ae59dba13dd4594ccf2,dress,B002PEH0RK,eddf70446efb3ae59dba13dd4594ccf2,4
dress::eddf70446efb3ae59dba13dd4594ccf2,dress,B002PEH0UW,eddf70446efb3ae59dba13dd4594ccf2,4
dress::eddf70446efb3ae59dba13dd4594ccf2,dress,B002PETCY4,eddf70446efb3ae59dba13dd4594ccf2,4
dress::eddf70446efb3ae59dba13dd4594ccf2,dress,B002PEZMUW,eddf70446efb3ae59dba13dd4594ccf2,4
dress::f1aa0d326088017244e9f56d05b06f31,dress,B0019KO8EE,f1aa0d326088017244e9f56d05b06f31,2
dress::f1aa0d326088017244e9f56d05b06f31,dress,B002H0LDTI,f1aa0d326088017244e9f56d05b06f31,2
dress::f3aaa4845792fc5654fc0754383511a0,dress,B004150Y7E,f3aaa4845792fc5654fc0754383511a0,2
dress::f3aaa4845792fc5654fc0754383511a0,dress,B006WOFU6W,f3aaa4845792fc5654fc0754383511a0,2
dress::f7b7d4c40ca723967492b31e4d41ca6c,dress,B00CBV4KQQ,f7b7d4c40ca723967492b31e4d41ca6c,3
dress::f7b7d4c40ca723967492b31e4d41ca6c,dress,B00CY8KEBQ,f7b7d4c40ca723967492b31e4d41ca6c,3
dress::f7b7d4c40ca723967492b31e4d41ca6c,dress,B00EZQGL1W,f7b7d4c40ca723967492b31e4d41ca6c,3
dress::f9c9b56a15c0f3033aa7cb9c5c7eae6c,dress,B00DOLD2M0,f9c9b56a15c0f3033aa7cb9c5c7eae6c,2
dress::f9c9b56a15c0f3033aa7cb9c5c7eae6c,dress,B00DOLD2PC,f9c9b56a15c0f3033aa7cb9c5c7eae6c,2
dress::fadcadf91c9e66bb41967c51ed19d37a,dress,B009NBPFJ8,fadcadf91c9e66bb41967c51ed19d37a,2
dress::fadcadf91c9e66bb41967c51ed19d37a,dress,B009VDSJLY,fadcadf91c9e66bb41967c51ed19d37a,2
dress::fd478e7f9c4e93a79ec011d3ef3e2560,dress,B002PEH0F2,fd478e7f9c4e93a79ec011d3ef3e2560,3
dress::fd478e7f9c4e93a79ec011d3ef3e2560,dress,B002PEXJJS,fd478e7f9c4e93a79ec011d3ef3e2560,3
dress::fd478e7f9c4e93a79ec011d3ef3e2560,dress,B002PEZMSY,fd478e7f9c4e93a79ec011d3ef3e2560,3
dress::fe49a6f0b618ed9cb3cedd7cf4c599c7,dress,B00DR7EKR2,fe49a6f0b618ed9cb3cedd7cf4c599c7,2
dress::fe49a6f0b618ed9cb3cedd7cf4c599c7,dress,B00DR7EKRW,fe49a6f0b618ed9cb3cedd7cf4c599c7,2
shirt::01a05ba276be6a081f4fb61ffca69aea,shirt,B001E4S8Z0,01a05ba276be6a081f4fb61ffca69aea,2
shirt::01a05ba276be6a081f4fb61ffca69aea,shirt,B001E4S8ZU,01a05ba276be6a081f4fb61ffca69aea,2
shirt::099b214c06855c866d7825a4b25c6bfd,shirt,B005TVUKXC,099b214c06855c866d7825a4b25c6bfd,2
shirt::099b214c06855c866d7825a4b25c6bfd,shirt,B005TVUL0O,099b214c06855c866d7825a4b25c6bfd,2
shirt::0a04e0a518c3f6318f68f0e99f2267c3,shirt,B00CBDHO4Y,0a04e0a518c3f6318f68f0e99f2267c3,2
shirt::0a04e0a518c3f6318f68f0e99f2267c3,shirt,B00CE3L7MG,0a04e0a518c3f6318f68f0e99f2267c3,2
shirt::0d522496a53fc77f3c93ef49d3ab4948,shirt,B00BHBACM2,0d522496a53fc77f3c93ef49d3ab4948,2
shirt::0d522496a53fc77f3c93ef49d3ab4948,shirt,B00BHBAD58,0d522496a53fc77f3c93ef49d3ab4948,2
shirt::0ffd2a0e63824b01b925eab49ea751ae,shirt,B000EG96T6,0ffd2a0e63824b01b925eab49ea751ae,2
shirt::0ffd2a0e63824b01b925eab49ea751ae,shirt,B001HDTRJ4,0ffd2a0e63824b01b925eab49ea751ae,2
shirt::15667b1bde6be35d86830614d6e0d97a,shirt,B000QHEPJE,15667b1bde6be35d86830614d6e0d97a,2
shirt::15667b1bde6be35d86830614d6e0d97a,shirt,B000QHGDSU,15667b1bde6be35d86830614d6e0d97a,2
shirt::1abb4a5dab4bdcbd6afa86d6fd7e3fe1,shirt,B001M0MYVA,1abb4a5dab4bdcbd6afa86d6fd7e3fe1,2
shirt::1abb4a5dab4bdcbd6afa86d6fd7e3fe1,shirt,B001M0MZYQ,1abb4a5dab4bdcbd6afa86d6fd7e3fe1,2
shirt::1d4ba88412226584ed7c466c68248e1b,shirt,B00BGDDY30,1d4ba88412226584ed7c466c68248e1b,2
shirt::1d4ba88412226584ed7c466c68248e1b,shirt,B00BGDDY8U,1d4ba88412226584ed7c466c68248e1b,2
shirt::207faeb51aa73617fa70e30c1f5f060d,shirt,B0073VBMBK,207faeb51aa73617fa70e30c1f5f060d,2
shirt::207faeb51aa73617fa70e30c1f5f060d,shirt,B0073VBMFQ,207faeb51aa73617fa70e30c1f5f060d,2
shirt::25fdca16010995c0fc775b547c5f9316,shirt,B00BV2Q5GO,25fdca16010995c0fc775b547c5f9316,3
shirt::25fdca16010995c0fc775b547c5f9316,shirt,B00BV2Q61S,25fdca16010995c0fc775b547c5f9316,3
shirt::25fdca16010995c0fc775b547c5f9316,shirt,B00BV2Q6N6,25fdca16010995c0fc775b547c5f9316,3
shirt::27fb84486cb145c06b597f9af3fb79e6,shirt,B008YF39P6,27fb84486cb145c06b597f9af3fb79e6,2
shirt::27fb84486cb145c06b597f9af3fb79e6,shirt,B008YF3A4Q,27fb84486cb145c06b597f9af3fb79e6,2
shirt::2f5b4ccaffb89940476c97f9cdaf9139,shirt,B00008JQXJ,2f5b4ccaffb89940476c97f9cdaf9139,2
shirt::2f5b4ccaffb89940476c97f9cdaf9139,shirt,B000VIKI3A,2f5b4ccaffb89940476c97f9cdaf9139,2
shirt::350765dd92b8317af7a13e5f474f0ff1,shirt,B000VCKGW4,350765dd92b8317af7a13e5f474f0ff1,2
shirt::350765dd92b8317af7a13e5f474f0ff1,shirt,B000VCQ1Y6,350765dd92b8317af7a13e5f474f0ff1,2
shirt::3a0702afabd85a8a7e91eb1a3620bec0,shirt,B009ZH9LQI,3a0702afabd85a8a7e91eb1a3620bec0,4
shirt::3a0702afabd85a8a7e91eb1a3620bec0,shirt,B009ZH9M80,3a0702afabd85a8a7e91eb1a3620bec0,4
shirt::3a0702afabd85a8a7e91eb1a3620bec0,shirt,B009ZH9NGG,3a0702afabd85a8a7e91eb1a3620bec0,4
shirt::3a0702afabd85a8a7e91eb1a3620bec0,shirt,B009ZH9O24,3a0702afabd85a8a7e91eb1a3620bec0,4
shirt::3ff8349cc384f6ed8f96d5f7f6957f6d,shirt,B002KG6ONE,3ff8349cc384f6ed8f96d5f7f6957f6d,2
shirt::3ff8349cc384f6ed8f96d5f7f6957f6d,shirt,B002KGFK48,3ff8349cc384f6ed8f96d5f7f6957f6d,2
shirt::446ca9eeabd8cdb5b71b16efc7fa288a,shirt,B00CPS9CR2,446ca9eeabd8cdb5b71b16efc7fa288a,2
shirt::446ca9eeabd8cdb5b71b16efc7fa288a,shirt,B00CPS9DIK,446ca9eeabd8cdb5b71b16efc7fa288a,2
shirt::47c5fc498d9b0b0c31123c08c56968f0,shirt,B009ESZFEK,47c5fc498d9b0b0c31123c08c56968f0,2
shirt::47c5fc498d9b0b0c31123c08c56968f0,shirt,B009ESZFM2,47c5fc498d9b0b0c31123c08c56968f0,2
shirt::481008ba37abe9643869e51ffb4240fc,shirt,B001JKBFTU,481008ba37abe9643869e51ffb4240fc,2
shirt::481008ba37abe9643869e51ffb4240fc,shirt,B001JKGJGY,481008ba37abe9643869e51ffb4240fc,2
shirt::5240a606f700043c3c87877d5e46a407,shirt,B0013FI8MI,5240a606f700043c3c87877d5e46a407,4
shirt::5240a606f700043c3c87877d5e46a407,shirt,B0013FJW64,5240a606f700043c3c87877d5e46a407,4
shirt::5240a606f700043c3c87877d5e46a407,shirt,B0013FLPDM,5240a606f700043c3c87877d5e46a407,4
shirt::5240a606f700043c3c87877d5e46a407,shirt,B0013FPI9E,5240a606f700043c3c87877d5e46a407,4
shirt::5296fcecf319715c72c92a3f880d7bac,shirt,B00AWVQXBM,5296fcecf319715c72c92a3f880d7bac,2
shirt::5296fcecf319715c72c92a3f880d7bac,shirt,B00AWVQXNA,5296fcecf319715c72c92a3f880d7bac,2
shirt::52a9eda0f645accce1234e7149e2ebde,shirt,B001BVNSAQ,52a9eda0f645accce1234e7149e2ebde,2
shirt::52a9eda0f645accce1234e7149e2ebde,shirt,B001BVPPN4,52a9eda0f645accce1234e7149e2ebde,2
shirt::52ccde1279af59ea9167e93d7d2730e5,shirt,B0036XD3NE,52ccde1279af59ea9167e93d7d2730e5,2
shirt::52ccde1279af59ea9167e93d7d2730e5,shirt,B0036XOGAI,52ccde1279af59ea9167e93d7d2730e5,2
shirt::53d3f9a8490c2121e2491799af718bc8,shirt,B005173SBK,53d3f9a8490c2121e2491799af718bc8,2
shirt::53d3f9a8490c2121e2491799af718bc8,shirt,B005173SF6,53d3f9a8490c2121e2491799af718bc8,2
shirt::542e3c02b538fab49404b488b0a35eff,shirt,B009H4RSQ4,542e3c02b538fab49404b488b0a35eff,4
shirt::542e3c02b538fab49404b488b0a35eff,shirt,B009H4RTT0,542e3c02b538fab49404b488b0a35eff,4
shirt::542e3c02b538fab49404b488b0a35eff,shirt,B009H4RV6Q,542e3c02b538fab49404b488b0a35eff,4
shirt::542e3c02b538fab49404b488b0a35eff,shirt,B009H4RWRE,542e3c02b538fab49404b488b0a35eff,4
shirt::5b805437743e008136cde97d10128a70,shirt,B0076S8EJI,5b805437743e008136cde97d10128a70,2
shirt::5b805437743e008136cde97d10128a70,shirt,B008PI9X1Q,5b805437743e008136cde97d10128a70,2
shirt::5be91de4fc698efcf92597e6fc9e20c9,shirt,B003F22Y0Y,5be91de4fc698efcf92597e6fc9e20c9,2
shirt::5be91de4fc698efcf92597e6fc9e20c9,shirt,B003F26DUG,5be91de4fc698efcf92597e6fc9e20c9,2
shirt::5ca1a8436517b0f5b0532e5ddfdb9779,shirt,B002XNR8DO,5ca1a8436517b0f5b0532e5ddfdb9779,2
shirt::5ca1a8436517b0f5b0532e5ddfdb9779,shirt,B002XNR8EI,5ca1a8436517b0f5b0532e5ddfdb9779,2
shirt::5e3f04e734bcdbe18e582beb41fa76d5,shirt,B00079ZW7K,5e3f04e734bcdbe18e582beb41fa76d5,2
shirt::5e3f04e734bcdbe18e582beb41fa76d5,shirt,B0027ED4SW,5e3f04e734bcdbe18e582beb41fa76d5,2
shirt::5e565e0bb80f1d5152886aedfb001833,shirt,B006H6WNQ0,5e565e0bb80f1d5152886aedfb001833,2
shirt::5e565e0bb80f1d5152886aedfb001833,shirt,B006H6WOR8,5e565e0bb80f1d5152886aedfb001833,2
shirt::61176991db08a2426ab0c8abb98e5a23,shirt,B0038MLEYS,61176991db08a2426ab0c8abb98e5a23,2
shirt::61176991db08a2426ab0c8abb98e5a23,shirt,B0038MNBF8,61176991db08a2426ab0c8abb98e5a23,2
shirt::621b09782439a2b442c9a9ced8c680ea,shirt,B000JR8TK2,621b09782439a2b442c9a9ced8c680ea,2
shirt::621b09782439a2b442c9a9ced8c680ea,shirt,B000JR9H3U,621b09782439a2b442c9a9ced8c680ea,2
shirt::6524d3591189a2a8bdd2f0635ed67668,shirt,B0009GDKN4,6524d3591189a2a8bdd2f0635ed67668,2
shirt::6524d3591189a2a8bdd2f0635ed67668,shirt,B0067GKZ0G,6524d3591189a2a8bdd2f0635ed67668,2
shirt::6a8f46d33019ff979fd503f4c54b6c13,shirt,B005LCN0N6,6a8f46d33019ff979fd503f4c54b6c13,2
shirt::6a8f46d33019ff979fd503f4c54b6c13,shirt,B005LCN144,6a8f46d33019ff979fd503f4c54b6c13,2
shirt::6ef20ddf7e8d0f1a4af8508fea6a14ea,shirt,B00CN6GN7S,6ef20ddf7e8d0f1a4af8508fea6a14ea,2
shirt::6ef20ddf7e8d0f1a4af8508fea6a14ea,shirt,B00CN6H3MW,6ef20ddf7e8d0f1a4af8508fea6a14ea,2
shirt::72a1e10e1762bc8cab6aeed28b6d65e3,shirt,B006ONZT7G,72a1e10e1762bc8cab6aeed28b6d65e3,2
shirt::72a1e10e1762bc8cab6aeed28b6d65e3,shirt,B0093SL8UG,72a1e10e1762bc8cab6aeed28b6d65e3,2
shirt::767fb18f5c2591b6b145202890cac8fa,shirt,B0070NURK8,767fb18f5c2591b6b145202890cac8fa,2
shirt::767fb18f5c2591b6b145202890cac8fa,shirt,B0070NUZR8,767fb18f5c2591b6b145202890cac8fa,2
shirt::7a72550484f0ca52ac7ee941a3968c0b,shirt,B0060A20XY,7a72550484f0ca52ac7ee941a3968c0b,4
shirt::7a72550484f0ca52ac7ee941a3968c0b,shirt,B0060A20ZC,7a72550484f0ca52ac7ee941a3968c0b,4
shirt::7a72550484f0ca52ac7ee941a3968c0b,shirt,B0060A217Y,7a72550484f0ca52ac7ee941a3968c0b,4
shirt::7a72550484f0ca52ac7ee941a3968c0b,shirt,B0060A21FQ,7a72550484f0ca52ac7ee941a3968c0b,4
shirt::7dd9e26edb536742c6f7726effcebaf7,shirt,B0042DD09O,7dd9e26edb536742c6f7726effcebaf7,2
shirt::7dd9e26edb536742c6f7726effcebaf7,shirt,B008MTK844,7dd9e26edb536742c6f7726effcebaf7,2
shirt::82313ef14e55a0115befc07a89f55be6,shirt,B00641RU0W,82313ef14e55a0115befc07a89f55be6,3
shirt::82313ef14e55a0115befc07a89f55be6,shirt,B00641RU1Q,82313ef14e55a0115befc07a89f55be6,3
shirt::82313ef14e55a0115befc07a89f55be6,shirt,B00641RU5C,82313ef14e55a0115befc07a89f55be6,3
shirt::842ccf4d430eadbd2b30aa07c985f4b2,shirt,B009L35TN0,842ccf4d430eadbd2b30aa07c985f4b2,3
shirt::842ccf4d430eadbd2b30aa07c985f4b2,shirt,B009L35UCK,842ccf4d430eadbd2b30aa07c985f4b2,3
shirt::842ccf4d430eadbd2b30aa07c985f4b2,shirt,B009L35V4C,842ccf4d430eadbd2b30aa07c985f4b2,3
shirt::8ddd8daa9d0c0ce0d7cdd85ee572b398,shirt,B0058YRL9G,8ddd8daa9d0c0ce0d7cdd85ee572b398,2
shirt::8ddd8daa9d0c0ce0d7cdd85ee572b398,shirt,B006RDRHSM,8ddd8daa9d0c0ce0d7cdd85ee572b398,2
shirt::8f8a26ad7117da9548c82873714ea697,shirt,B00E40LTO8,8f8a26ad7117da9548c82873714ea697,3
shirt::8f8a26ad7117da9548c82873714ea697,shirt,B00E40LV7I,8f8a26ad7117da9548c82873714ea697,3
shirt::8f8a26ad7117da9548c82873714ea697,shirt,B00E40LXUI,8f8a26ad7117da9548c82873714ea697,3
shirt::9021993e8d542e4bb2f2340d3da5202a,shirt,B009SDRDYG,9021993e8d542e4bb2f2340d3da5202a,2
shirt::9021993e8d542e4bb2f2340d3da5202a,shirt,B00C1NZ5ZY,9021993e8d542e4bb2f2340d3da5202a,2
shirt::907b1a98208d4250dea550e0d63f4de1,shirt,B0058PKHNW,907b1a98208d4250dea550e0d63f4de1,2
shirt::907b1a98208d4250dea550e0d63f4de1,shirt,B007TC0U48,907b1a98208d4250dea550e0d63f4de1,2
shirt::90e1316c421685b323c45c94f461d576,shirt,B003BQR0AI,90e1316c421685b323c45c94f461d576,2
shirt::90e1316c421685b323c45c94f461d576,shirt,B003BQSZ5C,90e1316c421685b323c45c94f461d576,2
shirt::932e07ba9ab626d712d79555bd813864,shirt,B00406YYVQ,932e07ba9ab626d712d79555bd813864,2
shirt::932e07ba9ab626d712d79555bd813864,shirt,B008RL1YHM,932e07ba9ab626d712d79555bd813864,2
shirt::9347f1577a6acb483809123aac092723,shirt,B00BV2SLIE,9347f1577a6acb483809123aac092723,3
shirt::9347f1577a6acb483809123aac092723,shirt,B00BV2SM74,9347f1577a6acb483809123aac092723,3
shirt::9347f1577a6acb483809123aac092723,shirt,B00BV2SMYW,9347f1577a6acb483809123aac092723,3
shirt::94fe96cedeb0d672cf6c6b4a21f4162d,shirt,B00BV2Q9B0,94fe96cedeb0d672cf6c6b4a21f4162d,3
shirt::94fe96cedeb0d672cf6c6b4a21f4162d,shirt,B00BV2QB0E,94fe96cedeb0d672cf6c6b4a21f4162d,3
shirt::94fe96cedeb0d672cf6c6b4a21f4162d,shirt,B00BV2QC2Q,94fe96cedeb0d672cf6c6b4a21f4162d,3
shirt::95510558dd1ae099675ecb5889362e54,shirt,B00B8QYI2G,95510558dd1ae099675ecb5889362e54,3
shirt::95510558dd1ae099675ecb5889362e54,shirt,B00B8QYI4O,95510558dd1ae099675ecb5889362e54,3
shirt::95510558dd1ae099675ecb5889362e54,shirt,B00B8QYI6C,95510558dd1ae099675ecb5889362e54,3
shirt::965371b2ecc0523f1648d9df7f0460be,shirt,B00BHIZSR4,965371b2ecc0523f1648d9df7f0460be,2
shirt::965371b2ecc0523f1648d9df7f0460be,shirt,B00BHIZTD2,965371b2ecc0523f1648d9df7f0460be,2
shirt::9930d02ea3a27169ce72bd6dcd5c17db,shirt,B00AOJHINE,9930d02ea3a27169ce72bd6dcd5c17db,2
shirt::9930d02ea3a27169ce72bd6dcd5c17db,shirt,B00AOJI69O,9930d02ea3a27169ce72bd6dcd5c17db,2
shirt::9acf1fc26d1179c6dce44ad7db43cb22,shirt,B0036SP2Y2,9acf1fc26d1179c6dce44ad7db43cb22,2
shirt::9acf1fc26d1179c6dce44ad7db43cb22,shirt,B0036SP2YW,9acf1fc26d1179c6dce44ad7db43cb22,2
shirt::9b3c83201fb9d0c037f1b3bba91c03ae,shirt,B001J4TY44,9b3c83201fb9d0c037f1b3bba91c03ae,2
shirt::9b3c83201fb9d0c037f1b3bba91c03ae,shirt,B0045ETXU0,9b3c83201fb9d0c037f1b3bba91c03ae,2
shirt::9d3df55e4b114ffba6493efd5766a0d1,shirt,B004IIBA9K,9d3df55e4b114ffba6493efd5766a0d1,3
shirt::9d3df55e4b114ffba6493efd5766a0d1,shirt,B004IIEVD2,9d3df55e4b114ffba6493efd5766a0d1,3
shirt::9d3df55e4b114ffba6493efd5766a0d1,shirt,B004IIEVDC,9d3df55e4b114ffba6493efd5766a0d1,3
shirt::a1291671d13b34ab6f7c6b9c3cb8ea76,shirt,B002KG6OYI,a1291671d13b34ab6f7c6b9c3cb8ea76,3
shirt::a1291671d13b34ab6f7c6b9c3cb8ea76,shirt,B002KG8LMG,a1291671d13b34ab6f7c6b9c3cb8ea76,3
shirt::a1291671d13b34ab6f7c6b9c3cb8ea76,shirt,B002KGDIT2,a1291671d13b34ab6f7c6b9c3cb8ea76,3
shirt::a42529854b2128e77d9539ed91c568fe,shirt,B00F99GCZ4,a42529854b2128e77d9539ed91c568fe,2
shirt::a42529854b2128e77d9539ed91c568fe,shirt,B00F99GI3U,a42529854b2128e77d9539ed91c568fe,2
shirt::a462bc433eba285134be5cdc072aa5cd,shirt,B007WTYRFQ,a462bc433eba285134be5cdc072aa5cd,2
shirt::a462bc433eba285134be5cdc072aa5cd,shirt,B007ZW3L0C,a462bc433eba285134be5cdc072aa5cd,2
shirt::a507266088055aae1463f458489e89fb,shirt,B003UT6REG,a507266088055aae1463f458489e89fb,2
shirt::a507266088055aae1463f458489e89fb,shirt,B003UT6RF0,a507266088055aae1463f458489e89fb,2
shirt::a6d58bcd10df516db21358eac3205a25,shirt,B001O84MII,a6d58bcd10df516db21358eac3205a25,2
shirt::a6d58bcd10df516db21358eac3205a25,shirt,B001O883S8,a6d58bcd10df516db21358eac3205a25,2
shirt::a8ef14a14d6585b73fbf67bd1827728b,shirt,B00430B69M,a8ef14a14d6585b73fbf67bd1827728b,2
shirt::a8ef14a14d6585b73fbf67bd1827728b,shirt,B00430B6PQ,a8ef14a14d6585b73fbf67bd1827728b,2
shirt::ae785dd71ba61409edcf289a853e7a73,shirt,B000YVGOA0,ae785dd71ba61409edcf289a853e7a73,4
shirt::ae785dd71ba61409edcf289a853e7a73,shirt,B003F1XJJK,ae785dd71ba61409edcf289a853e7a73,4
shirt::ae785dd71ba61409edcf289a853e7a73,shirt,B003F1Z6H8,ae785dd71ba61409edcf289a853e7a73,4
shirt::ae785dd71ba61409edcf289a853e7a73,shirt,B003Y3ZM6C,ae785dd71ba61409edcf289a853e7a73,4
shirt::b0f149e5319045d99599e4c140ad4189,shirt,B00BHASDRE,b0f149e5319045d99599e4c140ad4189,4
shirt::b0f149e5319045d99599e4c140ad4189,shirt,B00BHASDX8,b0f149e5319045d99599e4c140ad4189,4
shirt::b0f149e5319045d99599e4c140ad4189,shirt,B00BHASE5A,b0f149e5319045d99599e4c140ad4189,4
shirt::b0f149e5319045d99599e4c140ad4189,shirt,B00BHASECS,b0f149e5319045d99599e4c140ad4189,4
shirt::b74685b300a70ca893688ecadd522803,shirt,B004NPAQHA,b74685b300a70ca893688ecadd522803,2
shirt::b74685b300a70ca893688ecadd522803,shirt,B004NPCD3U,b74685b300a70ca893688ecadd522803,2
shirt::bb82f04eff9af3f88a63d75e6caa7127,shirt,B002BF8EPK,bb82f04eff9af3f88a63d75e6caa7127,3
shirt::bb82f04eff9af3f88a63d75e6caa7127,shirt,B002BFBYFC,bb82f04eff9af3f88a63d75e6caa7127,3
shirt::bb82f04eff9af3f88a63d75e6caa7127,shirt,B002BFFETO,bb82f04eff9af3f88a63d75e6caa7127,3
shirt::bf8a049139379cb5e37d01beea79f553,shirt,B0075BDHL6,bf8a049139379cb5e37d01beea79f553,2
shirt::bf8a049139379cb5e37d01beea79f553,shirt,B0075BEDFK,bf8a049139379cb5e37d01beea79f553,2
shirt::c6fb7e44e0018df85c4ee1024f70c886,shirt,B002KO943S,c6fb7e44e0018df85c4ee1024f70c886,2
shirt::c6fb7e44e0018df85c4ee1024f70c886,shirt,B008G3N5AK,c6fb7e44e0018df85c4ee1024f70c886,2
shirt::c6fe3973aacf8c3f9462b865a646e4aa,shirt,B00BGDRZKI,c6fe3973aacf8c3f9462b865a646e4aa,2
shirt::c6fe3973aacf8c3f9462b865a646e4aa,shirt,B00BXQNBY2,c6fe3973aacf8c3f9462b865a646e4aa,2
shirt::d13ff24b43c15e275d7e61a01fde3ac6,shirt,B005KUICXM,d13ff24b43c15e275d7e61a01fde3ac6,2
shirt::d13ff24b43c15e275d7e61a01fde3ac6,shirt,B005KUICZ0,d13ff24b43c15e275d7e61a01fde3ac6,2
shirt::d1d13e10bba112d2e2f1e73a072731f0,shirt,B00EAX4R5C,d1d13e10bba112d2e2f1e73a072731f0,2
shirt::d1d13e10bba112d2e2f1e73a072731f0,shirt,B00EAXBT1C,d1d13e10bba112d2e2f1e73a072731f0,2
shirt::d38302f53f06ee973f86959e20b2f5b0,shirt,B007I77LM8,d38302f53f06ee973f86959e20b2f5b0,3
shirt::d38302f53f06ee973f86959e20b2f5b0,shirt,B007I77LNC,d38302f53f06ee973f86959e20b2f5b0,3
shirt::d38302f53f06ee973f86959e20b2f5b0,shirt,B007I77LVE,d38302f53f06ee973f86959e20b2f5b0,3
shirt::d3d4f0947b53cf8b5586088316292419,shirt,B004ORNJL2,d3d4f0947b53cf8b5586088316292419,2
shirt::d3d4f0947b53cf8b5586088316292419,shirt,B004ORRHNI,d3d4f0947b53cf8b5586088316292419,2
shirt::d3ff4ca56f5b59320078ebb9972d2a81,shirt,B007QZWLK4,d3ff4ca56f5b59320078ebb9972d2a81,3
shirt::d3ff4ca56f5b59320078ebb9972d2a81,shirt,B007QZWM4E,d3ff4ca56f5b59320078ebb9972d2a81,3
shirt::d3ff4ca56f5b59320078ebb9972d2a81,shirt,B007QZWMC6,d3ff4ca56f5b59320078ebb9972d2a81,3
shirt::dd367b7f244ee91950ec523becf099a4,shirt,B000BDDFWQ,dd367b7f244ee91950ec523becf099a4,2
shirt::dd367b7f244ee91950ec523becf099a4,shirt,B000BDDFX0,dd367b7f244ee91950ec523becf099a4,2
shirt::de3f48c3add193b83a947b2a84b4a9d8,shirt,B001O82IAC,de3f48c3add193b83a947b2a84b4a9d8,2
shirt::de3f48c3add193b83a947b2a84b4a9d8,shirt,B001O869LQ,de3f48c3add193b83a947b2a84b4a9d8,2
shirt::e028fa781411c82db33d4a050eac22d6,shirt,B0036O5P4S,e028fa781411c82db33d4a050eac22d6,2
shirt::e028fa781411c82db33d4a050eac22d6,shirt,B0036O75CI,e028fa781411c82db33d4a050eac22d6,2
shirt::e190e0e900291f3316e1b2e6913bdb04,shirt,B007IVEC26,e190e0e900291f3316e1b2e6913bdb04,2
shirt::e190e0e900291f3316e1b2e6913bdb04,shirt,B0087Q2H8W,e190e0e900291f3316e1b2e6913bdb04,2
shirt::e6dcc9aa5975200ebe9638624c6cc5ad,shirt,B00580KQO2,e6dcc9aa5975200ebe9638624c6cc5ad,2
shirt::e6dcc9aa5975200ebe9638624c6cc5ad,shirt,B007JZ983Y,e6dcc9aa5975200ebe9638624c6cc5ad,2
shirt::e7f2f4e6dadad0e41c1c7a73e80a954a,shirt,B00731P81A,e7f2f4e6dadad0e41c1c7a73e80a954a,2
shirt::e7f2f4e6dadad0e41c1c7a73e80a954a,shirt,B00731P83I,e7f2f4e6dadad0e41c1c7a73e80a954a,2
shirt::edef2c8d966e4446fd34872a32827322,shirt,B003E1A8KE,edef2c8d966e4446fd34872a32827322,2
shirt::edef2c8d966e4446fd34872a32827322,shirt,B003E1E2VA,edef2c8d966e4446fd34872a32827322,2
shirt::efa4ebd882b4c5ad0a7da48c4ad74785,shirt,B000IMYMYK,efa4ebd882b4c5ad0a7da48c4ad74785,2
shirt::efa4ebd882b4c5ad0a7da48c4ad74785,shirt,B000IMYMYU,efa4ebd882b4c5ad0a7da48c4ad74785,2
shirt::f99843c872d403f0aacf77aa48dd9a64,shirt,B005PBWWSW,f99843c872d403f0aacf77aa48dd9a64,2
shirt::f99843c872d403f0aacf77aa48dd9a64,shirt,B005PBWWV4,f99843c872d403f0aacf77aa48dd9a64,2
shirt::fcc698504b7e01801c173110ef11d732,shirt,B0036XOOG4,fcc698504b7e01801c173110ef11d732,2
shirt::fcc698504b7e01801c173110ef11d732,shirt,B0036XQH28,fcc698504b7e01801c173110ef11d732,2
shirt::fe12673ba39f41ba88da8e2e04799cfa,shirt,B0037OBPKU,fe12673ba39f41ba88da8e2e04799cfa,2
shirt::fe12673ba39f41ba88da8e2e04799cfa,shirt,B0037OJ2ZU,fe12673ba39f41ba88da8e2e04799cfa,2
toptee::01c1dc30dec6075f8b51a36a52fa4a48,toptee,B009ETD5VY,01c1dc30dec6075f8b51a36a52fa4a48,2
toptee::01c1dc30dec6075f8b51a36a52fa4a48,toptee,B009ETDLO0,01c1dc30dec6075f8b51a36a52fa4a48,2
toptee::038bde571ed2986d70656b60a39b34ca,toptee,B004NEIFTW,038bde571ed2986d70656b60a39b34ca,2
toptee::038bde571ed2986d70656b60a39b34ca,toptee,B004NEIFUG,038bde571ed2986d70656b60a39b34ca,2
toptee::061d1dab10fb285a7b24d50efe0dacf8,toptee,B007W2HE7G,061d1dab10fb285a7b24d50efe0dacf8,2
toptee::061d1dab10fb285a7b24d50efe0dacf8,toptee,B007W4VCRW,061d1dab10fb285a7b24d50efe0dacf8,2
toptee::0d31d1e750760f81924efd75e986727f,toptee,B007TGJO7S,0d31d1e750760f81924efd75e986727f,2
toptee::0d31d1e750760f81924efd75e986727f,toptee,B0083S18LQ,0d31d1e750760f81924efd75e986727f,2
toptee::0d522496a53fc77f3c93ef49d3ab4948,toptee,B00BHBACM2,0d522496a53fc77f3c93ef49d3ab4948,2
toptee::0d522496a53fc77f3c93ef49d3ab4948,toptee,B00BHBAD58,0d522496a53fc77f3c93ef49d3ab4948,2
toptee::0f3bdaa9bd830be572a381a9d1471cbb,toptee,B008G51I0W,0f3bdaa9bd830be572a381a9d1471cbb,2
toptee::0f3bdaa9bd830be572a381a9d1471cbb,toptee,B008G51IDY,0f3bdaa9bd830be572a381a9d1471cbb,2
toptee::1353a1a9966933db8a758a04a60e777d,toptee,B004S3CO36,1353a1a9966933db8a758a04a60e777d,2
toptee::1353a1a9966933db8a758a04a60e777d,toptee,B0083XHOIW,1353a1a9966933db8a758a04a60e777d,2
toptee::149901cc9462470e8d386e451c73cbab,toptee,B0083VXYMY,149901cc9462470e8d386e451c73cbab,2
toptee::149901cc9462470e8d386e451c73cbab,toptee,B0083VXYY2,149901cc9462470e8d386e451c73cbab,2
toptee::199900ff5572150e9b37a5ae63aece14,toptee,B00889AGMC,199900ff5572150e9b37a5ae63aece14,2
toptee::199900ff5572150e9b37a5ae63aece14,toptee,B00HC9OZ6C,199900ff5572150e9b37a5ae63aece14,2
toptee::19b64e2195c8f918a6e43b358336af07,toptee,B000PZOFRY,19b64e2195c8f918a6e43b358336af07,2
toptee::19b64e2195c8f918a6e43b358336af07,toptee,B000PZRN8C,19b64e2195c8f918a6e43b358336af07,2
toptee::1a2ab626adef8652acb2ca357251024a,toptee,B00CXJN9FE,1a2ab626adef8652acb2ca357251024a,2
toptee::1a2ab626adef8652acb2ca357251024a,toptee,B00CXJN9FY,1a2ab626adef8652acb2ca357251024a,2
toptee::1cc22fc19731e6eacbf0fbe36a3bee20,toptee,B009ESDWCM,1cc22fc19731e6eacbf0fbe36a3bee20,3
toptee::1cc22fc19731e6eacbf0fbe36a3bee20,toptee,B009ESEDVQ,1cc22fc19731e6eacbf0fbe36a3bee20,3
toptee::1cc22fc19731e6eacbf0fbe36a3bee20,toptee,B009ESEK2S,1cc22fc19731e6eacbf0fbe36a3bee20,3
toptee::274debcf7d3ad41453248279d4532554,toptee,B000VYQY00,274debcf7d3ad41453248279d4532554,2
toptee::274debcf7d3ad41453248279d4532554,toptee,B000VYQY0A,274debcf7d3ad41453248279d4532554,2
toptee::2d5fca36abc05ae9db2c5b8aedd70db6,toptee,B001CEVAEI,2d5fca36abc05ae9db2c5b8aedd70db6,2
toptee::2d5fca36abc05ae9db2c5b8aedd70db6,toptee,B001CF099Y,2d5fca36abc05ae9db2c5b8aedd70db6,2
toptee::308cc084fc93b60a92d034d152b07d12,toptee,B0070VYID2,308cc084fc93b60a92d034d152b07d12,2
toptee::308cc084fc93b60a92d034d152b07d12,toptee,B0070W0TRA,308cc084fc93b60a92d034d152b07d12,2
toptee::36156889d28379905c67dea7404bf720,toptee,B00CM9K0OS,36156889d28379905c67dea7404bf720,2
toptee::36156889d28379905c67dea7404bf720,toptee,B00CM9K368,36156889d28379905c67dea7404bf720,2
toptee::3d8bbb8f2f51a10a1ee8185f04ecbf93,toptee,B001T6UGLC,3d8bbb8f2f51a10a1ee8185f04ecbf93,2
toptee::3d8bbb8f2f51a10a1ee8185f04ecbf93,toptee,B00BSE0I3G,3d8bbb8f2f51a10a1ee8185f04ecbf93,2
toptee::49a75a62c7561437e861c34fa49f1b9b,toptee,B008LV1A90,49a75a62c7561437e861c34fa49f1b9b,2
toptee::49a75a62c7561437e861c34fa49f1b9b,toptee,B008LV1ATU,49a75a62c7561437e861c34fa49f1b9b,2
toptee::4d0be89a4a1712b90d48bdac8406cc95,toptee,B00DR4912Y,4d0be89a4a1712b90d48bdac8406cc95,3
toptee::4d0be89a4a1712b90d48bdac8406cc95,toptee,B00DR49142,4d0be89a4a1712b90d48bdac8406cc95,3
toptee::4d0be89a4a1712b90d48bdac8406cc95,toptee,B00DR4917E,4d0be89a4a1712b90d48bdac8406cc95,3
toptee::51eed9f0ff4e70694b29be0384b112e8,toptee,B007J7J4B8,51eed9f0ff4e70694b29be0384b112e8,4
toptee::51eed9f0ff4e70694b29be0384b112e8,toptee,B007J7J4V8,51eed9f0ff4e70694b29be0384b112e8,4
toptee::51eed9f0ff4e70694b29be0384b112e8,toptee,B007J7J5KI,51eed9f0ff4e70694b29be0384b112e8,4
toptee::51eed9f0ff4e70694b29be0384b112e8,toptee,B007J7J6NO,51eed9f0ff4e70694b29be0384b112e8,4
toptee::5515dde134c86b875aec2c84451dbf4b,toptee,B008YYB300,5515dde134c86b875aec2c84451dbf4b,2
toptee::5515dde134c86b875aec2c84451dbf4b,toptee,B008YYBSE6,5515dde134c86b875aec2c84451dbf4b,2
toptee::56eb125d52ba11b7309699cc2430dddf,toptee,B006U228L6,56eb125d52ba11b7309699cc2430dddf,2
toptee::56eb125d52ba11b7309699cc2430dddf,toptee,B006U228V6,56eb125d52ba11b7309699cc2430dddf,2
toptee::59bf6e7c3bf1c778914c2b9162590274,toptee,B009S5YA18,59bf6e7c3bf1c778914c2b9162590274,2
toptee::59bf6e7c3bf1c778914c2b9162590274,toptee,B009S5YA2M,59bf6e7c3bf1c778914c2b9162590274,2
toptee::621b09782439a2b442c9a9ced8c680ea,toptee,B000JR8TK2,621b09782439a2b442c9a9ced8c680ea,2
toptee::621b09782439a2b442c9a9ced8c680ea,toptee,B000JR9H3U,621b09782439a2b442c9a9ced8c680ea,2
toptee::62af130d472ddcccb384aded6b54f479,toptee,B006KXI8DW,62af130d472ddcccb384aded6b54f479,2
toptee::62af130d472ddcccb384aded6b54f479,toptee,B006KXI8LO,62af130d472ddcccb384aded6b54f479,2
toptee::667d34d6eb60220ff83db1a09d1d2711,toptee,B005OZN0LM,667d34d6eb60220ff83db1a09d1d2711,2
toptee::667d34d6eb60220ff83db1a09d1d2711,toptee,B005PXGRMW,667d34d6eb60220ff83db1a09d1d2711,2
toptee::698155b8ef048e616e7f792ffe4dfa35,toptee,B005S6YGI8,698155b8ef048e616e7f792ffe4dfa35,2
toptee::698155b8ef048e616e7f792ffe4dfa35,toptee,B005S6YGO2,698155b8ef048e616e7f792ffe4dfa35,2
toptee::6da434ff225be87d2b77a964d7405ed6,toptee,B00AL1QED0,6da434ff225be87d2b77a964d7405ed6,11
toptee::6da434ff225be87d2b77a964d7405ed6,toptee,B00AL1QEF8,6da434ff225be87d2b77a964d7405ed6,11
toptee::6da434ff225be87d2b77a964d7405ed6,toptee,B00AL1QEH6,6da434ff225be87d2b77a964d7405ed6,11
toptee::6da434ff225be87d2b77a964d7405ed6,toptee,B00AL1QEIK,6da434ff225be87d2b77a964d7405ed6,11
toptee::6da434ff225be87d2b77a964d7405ed6,toptee,B00AL1QETO,6da434ff225be87d2b77a964d7405ed6,11
toptee::6da434ff225be87d2b77a964d7405ed6,toptee,B00AL1QETY,6da434ff225be87d2b77a964d7405ed6,11
toptee::6da434ff225be87d2b77a964d7405ed6,toptee,B00AL1QEU8,6da434ff225be87d2b77a964d7405ed6,11
toptee::6da434ff225be87d2b77a964d7405ed6,toptee,B00AL1QEV2,6da434ff225be87d2b77a964d7405ed6,11
toptee::6da434ff225be87d2b77a964d7405ed6,toptee,B00AL1QEY4,6da434ff225be87d2b77a964d7405ed6,11
toptee::6da434ff225be87d2b77a964d7405ed6,toptee,B00C7AFSHQ,6da434ff225be87d2b77a964d7405ed6,11
toptee::6da434ff225be87d2b77a964d7405ed6,toptee,B00C7B65CC,6da434ff225be87d2b77a964d7405ed6,11
toptee::75ab24367a63fcf452f22f393468f2b0,toptee,B006VE9TME,75ab24367a63fcf452f22f393468f2b0,2
toptee::75ab24367a63fcf452f22f393468f2b0,toptee,B006VFL28M,75ab24367a63fcf452f22f393468f2b0,2
toptee::7a2520a2a24bc62a80bf3e138819362c,toptee,B00AW83JLM,7a2520a2a24bc62a80bf3e138819362c,2
toptee::7a2520a2a24bc62a80bf3e138819362c,toptee,B00AW83K2U,7a2520a2a24bc62a80bf3e138819362c,2
toptee::816908c000e92fe2ce5dfbf5bbadb9be,toptee,B008YGCJXS,816908c000e92fe2ce5dfbf5bbadb9be,2
toptee::816908c000e92fe2ce5dfbf5bbadb9be,toptee,B008YGEOOA,816908c000e92fe2ce5dfbf5bbadb9be,2
toptee::87553edc05115b7f85c0b00f80752ee8,toptee,B008MBKQHG,87553edc05115b7f85c0b00f80752ee8,2
toptee::87553edc05115b7f85c0b00f80752ee8,toptee,B008MBKRIE,87553edc05115b7f85c0b00f80752ee8,2
toptee::8999c9ebbe96dc1ceff262f8e3c0d9ec,toptee,B002ZZ7ZWE,8999c9ebbe96dc1ceff262f8e3c0d9ec,2
toptee::8999c9ebbe96dc1ceff262f8e3c0d9ec,toptee,B002ZZDDF2,8999c9ebbe96dc1ceff262f8e3c0d9ec,2
toptee::8eae7456bd6502f542b9bf44478626fa,toptee,B0087CHN44,8eae7456bd6502f542b9bf44478626fa,2
toptee::8eae7456bd6502f542b9bf44478626fa,toptee,B0087D7O8I,8eae7456bd6502f542b9bf44478626fa,2
toptee::937c97a08e2739800b08c50ba74101d3,toptee,B004MC97P6,937c97a08e2739800b08c50ba74101d3,2
toptee::937c97a08e2739800b08c50ba74101d3,toptee,B005I66VBS,937c97a08e2739800b08c50ba74101d3,2
toptee::a62ab5602ab06df801c90004feb7b50d,toptee,B00E678ZPU,a62ab5602ab06df801c90004feb7b50d,2
toptee::a62ab5602ab06df801c90004feb7b50d,toptee,B00E6790AY,a62ab5602ab06df801c90004feb7b50d,2
toptee::b0f149e5319045d99599e4c140ad4189,toptee,B00BHASDME,b0f149e5319045d99599e4c140ad4189,4
toptee::b0f149e5319045d99599e4c140ad4189,toptee,B00BHASDRE,b0f149e5319045d99599e4c140ad4189,4
toptee::b0f149e5319045d99599e4c140ad4189,toptee,B00BHASDX8,b0f149e5319045d99599e4c140ad4189,4
toptee::b0f149e5319045d99599e4c140ad4189,toptee,B00BHASE5A,b0f149e5319045d99599e4c140ad4189,4
toptee::b267f48607710f2dadc39d7086ee8b7c,toptee,B0084E7534,b267f48607710f2dadc39d7086ee8b7c,2
toptee::b267f48607710f2dadc39d7086ee8b7c,toptee,B0084E7A48,b267f48607710f2dadc39d7086ee8b7c,2
toptee::b3209bddd9b4fd048614731522eb82da,toptee,B008QQH51W,b3209bddd9b4fd048614731522eb82da,2
toptee::b3209bddd9b4fd048614731522eb82da,toptee,B008QQH5AI,b3209bddd9b4fd048614731522eb82da,2
toptee::bc112485653b1eb10de758eabaead423,toptee,B004R2HNCU,bc112485653b1eb10de758eabaead423,3
toptee::bc112485653b1eb10de758eabaead423,toptee,B004R2HNUM,bc112485653b1eb10de758eabaead423,3
toptee::bc112485653b1eb10de758eabaead423,toptee,B004UR8L0A,bc112485653b1eb10de758eabaead423,3
toptee::c0c681c6fb7014fe6e568bf0c7788451,toptee,B004U42Y2O,c0c681c6fb7014fe6e568bf0c7788451,2
toptee::c0c681c6fb7014fe6e568bf0c7788451,toptee,B00CX3EO7W,c0c681c6fb7014fe6e568bf0c7788451,2
toptee::c5230dbfa5448f2d42bba3d9795054f4,toptee,B003NYUDMA,c5230dbfa5448f2d42bba3d9795054f4,2
toptee::c5230dbfa5448f2d42bba3d9795054f4,toptee,B003NYUDOI,c5230dbfa5448f2d42bba3d9795054f4,2
toptee::c66e03a06e6eb81ec3975234d89eb71b,toptee,B000YVGT46,c66e03a06e6eb81ec3975234d89eb71b,2
toptee::c66e03a06e6eb81ec3975234d89eb71b,toptee,B000YVKMC6,c66e03a06e6eb81ec3975234d89eb71b,2
toptee::c9dae5cd45b05f71262eb29af48f26af,toptee,B008595MDI,c9dae5cd45b05f71262eb29af48f26af,2
toptee::c9dae5cd45b05f71262eb29af48f26af,toptee,B00A78X7GY,c9dae5cd45b05f71262eb29af48f26af,2
toptee::d07116bc56ed00d377213f08bed0c61b,toptee,B005R4A1O4,d07116bc56ed00d377213f08bed0c61b,2
toptee::d07116bc56ed00d377213f08bed0c61b,toptee,B006LWGZGO,d07116bc56ed00d377213f08bed0c61b,2
toptee::d81a56b181ca7b8202df3aec59b5259f,toptee,B00ADM1UD6,d81a56b181ca7b8202df3aec59b5259f,2
toptee::d81a56b181ca7b8202df3aec59b5259f,toptee,B00ADM1W0M,d81a56b181ca7b8202df3aec59b5259f,2
toptee::e0bf3d76629f53bb2176be46abfabb35,toptee,B008TWFHJ0,e0bf3d76629f53bb2176be46abfabb35,2
toptee::e0bf3d76629f53bb2176be46abfabb35,toptee,B009Z3Z71A,e0bf3d76629f53bb2176be46abfabb35,2
toptee::e34e280f7a6c46c48ec2f7579c01ecd0,toptee,B007W50XF8,e34e280f7a6c46c48ec2f7579c01ecd0,2
toptee::e34e280f7a6c46c48ec2f7579c01ecd0,toptee,B007Y3CJMI,e34e280f7a6c46c48ec2f7579c01ecd0,2
toptee::e89c17a17d8b3bd3ae0359ce34c9e76f,toptee,B008LV14OG,e89c17a17d8b3bd3ae0359ce34c9e76f,2
toptee::e89c17a17d8b3bd3ae0359ce34c9e76f,toptee,B008LV15RM,e89c17a17d8b3bd3ae0359ce34c9e76f,2
toptee::fb8ef30cd6c9d6b14679ec3f3c8f6c22,toptee,B00EI4GWNI,fb8ef30cd6c9d6b14679ec3f3c8f6c22,2
toptee::fb8ef30cd6c9d6b14679ec3f3c8f6c22,toptee,B00EI4GWOC,fb8ef30cd6c9d6b14679ec3f3c8f6c22,2
